"last_name, first_name","player_id","team_name_alt","pitch_type","pitch_name","run_value_per_100","run_value","pitches","pitch_usage","pa","ba","slg","woba","whiff_percent","k_percent","put_away","est_ba","est_slg","est_woba","hard_hit_percent"
"Peralta, Freddy",642547,"MIL","FF","4-Seam Fastball",0.3,6,"1650",53.8,"405","0.239","0.424","0.338",25.2,26.9,19.1,"0.233","0.419","0.331",44.1
"Burnes, Corbin",669203,"BAL","FC","Cutter",1.5,20,"1348",45,"400","0.251","0.362","0.306",19,16,19.4,"0.259","0.386","0.308",31.9
"Gore, MacKenzie",669022,"WSH","FF","4-Seam Fastball",-0.1,-2,"1657",55.3,"392","0.281","0.418","0.369",22.6,19.9,17.3,"0.274","0.424","0.349",40.6
"Gausman, Kevin",592332,"TOR","FF","4-Seam Fastball",0.3,4,"1484",50.2,"388","0.278","0.462","0.353",17.4,16.8,16.7,"0.287","0.532","0.38",51.2
"Cease, Dylan",656302,"SD","SL","Slider",1.4,20,"1372",43,"362","0.159","0.256","0.208",44.7,39,25.4,"0.167","0.264","0.21",34.3
"Greene, Hunter",668881,"CIN","FF","4-Seam Fastball",1.4,20,"1415",55.2,"358","0.184","0.273","0.266",24.9,28.5,20.6,"0.195","0.318","0.283",39.4
"Rodón, Carlos",607074,"NYY","FF","4-Seam Fastball",0.4,5,"1530",49.3,"354","0.262","0.514","0.369",21.4,17.2,15,"0.278","0.562","0.39",50.6
"Imanaga, Shota",684007,"CHC","FF","4-Seam Fastball",0.5,6,"1343",51.9,"353","0.23","0.471","0.325",17.7,18.7,17.9,"0.238","0.45","0.317",45.3
"Sánchez, Cristopher",650911,"PHI","SI","Sinker",-0.4,-6,"1324",47.3,"344","0.345","0.481","0.406",13.1,9.3,12.3,"0.339","0.487","0.387",44.1
"Ragans, Cole",666142,"KC","FF","4-Seam Fastball",1.3,17,"1299",41.7,"342","0.21","0.349","0.3",23.2,26.3,22.3,"0.22","0.36","0.307",40.7
"Valdez, Framber",664285,"HOU","SI","Sinker",0.8,10,"1202",46.3,"340","0.28","0.411","0.344",11.6,10.3,21.7,"0.301","0.452","0.359",51.8
"Corbin, Patrick",571578,"WSH","SI","Sinker",-1.7,-17,"1037",35.9,"339","0.334","0.565","0.413",10,13.6,17.4,"0.337","0.551","0.406",55.1
"Parker, Mitchell",680730,"WSH","FF","4-Seam Fastball",-0.9,-11,"1168",48.6,"333","0.276","0.425","0.338",12,14.7,15.7,"0.281","0.487","0.358",41.4
"Nelson, Ryne",669194,"AZ","FF","4-Seam Fastball",0.5,7,"1341",55.7,"328","0.249","0.418","0.32",19.5,28,19.8,"0.249","0.389","0.308",51.9
"Bassitt, Chris",605135,"TOR","SI","Sinker",0.2,3,"1207",40.8,"326","0.326","0.422","0.382",12.8,17.5,18,"0.302","0.421","0.361",41.2
"Singer, Brady",663903,"KC","SL","Slider",0.4,4,"1196",40.3,"325","0.207","0.361","0.286",35.4,26.5,21.1,"0.245","0.39","0.311",36.2
"Cease, Dylan",656302,"SD","FF","4-Seam Fastball",-0.2,-3,"1386",43.5,"324","0.232","0.387","0.342",20.3,19.8,17.2,"0.243","0.433","0.354",44
"Steele, Justin",657006,"CHC","FF","4-Seam Fastball",0.4,5,"1220",59.6,"323","0.25","0.392","0.333",22.4,22,24.3,"0.23","0.335","0.289",37.7
"Harrison, Kyle",690986,"SF","FF","4-Seam Fastball",0.6,7,"1197",57.6,"321","0.249","0.425","0.332",23,24.6,20.4,"0.241","0.424","0.327",49.5
"Heaney, Andrew",571760,"TEX","FF","4-Seam Fastball",0.1,2,"1397",51.2,"320","0.238","0.415","0.34",21.2,24.7,17.4,"0.237","0.427","0.33",44.7
"Webb, Logan",657277,"SF","CH","Changeup",-0.4,-4,"990",30.9,"319","0.275","0.411","0.322",21.6,17.9,16.4,"0.308","0.502","0.366",51.6
"Singer, Brady",663903,"KC","SI","Sinker",1.1,13,"1235",41.6,"317","0.265","0.387","0.327",13,20.2,24,"0.278","0.43","0.34",45.8
"Abbott, Andrew",671096,"CIN","FF","4-Seam Fastball",0.1,1,"1249",53.5,"317","0.254","0.451","0.36",19.4,18.3,16.1,"0.266","0.463","0.367",43.2
"Morton, Charlie",450203,"ATL","CU","Curveball",0.4,5,"1183",42.4,"316","0.2","0.309","0.279",34.2,32.3,22.1,"0.182","0.26","0.255",31.3
"Webb, Logan",657277,"SF","SI","Sinker",1.3,17,"1273",39.8,"314","0.269","0.339","0.307",14.1,16.6,20.5,"0.259","0.366","0.31",44.9
"Gil, Luis",661563,"NYY","FF","4-Seam Fastball",0.1,1,"1298",48.7,"310","0.205","0.395","0.319",28.5,28.4,23.3,"0.21","0.37","0.316",42
"Nola, Aaron",605400,"PHI","CU","Curveball",1.1,12,"1049",32.9,"304","0.221","0.381","0.285",37,31.3,22.3,"0.218","0.341","0.264",33.3
"Kikuchi, Yusei",579328,"HOU","FF","4-Seam Fastball",0,1,"1374",47,"303","0.274","0.505","0.351",28,27.4,22,"0.252","0.463","0.325",49
"Anderson, Tyler",542881,"LAA","CH","Changeup",1.6,17,"1082",37.1,"302","0.185","0.259","0.246",39.6,24.5,22.4,"0.217","0.31","0.272",20.1
"Bello, Brayan",678394,"BOS","SI","Sinker",-0.5,-6,"1091",40.3,"301","0.309","0.44","0.385",11.1,14,16.5,"0.287","0.435","0.367",50.2
"Castillo, Luis",622491,"SEA","FF","4-Seam Fastball",1.4,18,"1295",45.3,"301","0.204","0.365","0.279",27.3,31.2,20.8,"0.205","0.383","0.286",44
"Falter, Bailey",663559,"PIT","FF","4-Seam Fastball",0.2,2,"1009",47.2,"300","0.247","0.401","0.32",16.6,17,17.6,"0.247","0.404","0.316",32.7
"Sale, Chris",519242,"ATL","SL","Slider",2.1,24,"1135",40.3,"298","0.171","0.236","0.21",42.7,41.6,29,"0.175","0.245","0.212",21.7
"Crochet, Garrett",676979,"CWS","FF","4-Seam Fastball",1.2,15,"1286",53.7,"297","0.199","0.296","0.261",31.4,33.7,25.3,"0.202","0.328","0.273",39.9
"Eovaldi, Nathan",543135,"TEX","FF","4-Seam Fastball",0.7,7,"980",37.4,"294","0.212","0.335","0.287",17.8,22.1,17.1,"0.237","0.387","0.315",46.2
"Flaherty, Jack",656427,"LAD","FF","4-Seam Fastball",0.4,5,"1133",42.8,"293","0.245","0.401","0.311",23.9,28.7,25,"0.254","0.439","0.328",39.8
"Sánchez, Cristopher",650911,"PHI","CH","Changeup",1.8,18,"998",35.7,"292","0.177","0.22","0.208",34.8,31.2,20.9,"0.178","0.225","0.194",22
"Pivetta, Nick",601713,"BOS","FF","4-Seam Fastball",0.6,7,"1158",48.5,"292","0.239","0.399","0.307",21.9,27.7,21.3,"0.231","0.414","0.308",46.8
"Bibee, Tanner",676440,"CLE","FF","4-Seam Fastball",-0.8,-10,"1237",43.4,"292","0.282","0.476","0.364",21.3,19.2,16,"0.283","0.461","0.341",46.3
"Houck, Tanner",656557,"BOS","ST","Sweeper",0.7,8,"1131",41.4,"291","0.23","0.357","0.286",30.2,29.9,23.3,"0.219","0.38","0.288",37.2
"Cortes, Nestor",641482,"NYY","FF","4-Seam Fastball",0.5,6,"1298",45.6,"290","0.231","0.429","0.309",21.8,25.5,18.3,"0.222","0.419","0.303",52
"Anderson, Tyler",542881,"LAA","FF","4-Seam Fastball",-1.1,-12,"1157",39.7,"289","0.272","0.494","0.376",18.3,15.2,15.1,"0.272","0.498","0.368",42.3
"López, Reynaldo",625643,"ATL","FF","4-Seam Fastball",1.6,19,"1164",55.2,"287","0.266","0.369","0.319",16.5,19.9,19.7,"0.263","0.409","0.334",47.7
"López, Pablo",641154,"MIN","FF","4-Seam Fastball",1.2,15,"1206",40.4,"287","0.211","0.356","0.284",25.9,25.8,19.6,"0.239","0.41","0.31",45.3
"Wheeler, Zack",554430,"PHI","FF","4-Seam Fastball",1.2,16,"1297",41.4,"287","0.21","0.397","0.318",29.5,28.2,20.7,"0.205","0.384","0.303",41.3
"Irvin, Jake",663623,"WSH","FF","4-Seam Fastball",-0.3,-4,"1148",37.7,"286","0.205","0.383","0.283",23.6,27.3,17.2,"0.216","0.405","0.294",44.7
"Sears, JP",676664,"OAK","FF","4-Seam Fastball",-0.9,-9,"1036",36.3,"285","0.23","0.476","0.35",25.6,28.4,18.8,"0.219","0.449","0.332",48.5
"Flexen, Chris",623167,"CWS","FF","4-Seam Fastball",-0.6,-6,"1039",37.1,"284","0.26","0.472","0.367",13.1,13.4,13.5,"0.259","0.504","0.371",48.1
"Berríos, José",621244,"TOR","SI","Sinker",1,10,"973",33.4,"283","0.283","0.394","0.343",12.1,13.1,16.7,"0.298","0.45","0.359",50.5
"Gallen, Zac",668678,"AZ","FF","4-Seam Fastball",-0.2,-2,"1160",46.3,"276","0.282","0.462","0.371",13.1,19.2,18.7,"0.28","0.463","0.369",48.4
"Kirby, George",669923,"SEA","FF","4-Seam Fastball",0.9,9,"1023",34.5,"271","0.23","0.467","0.31",28.9,30.6,21.2,"0.22","0.439","0.294",37.3
"Miller, Bryce",682243,"SEA","FF","4-Seam Fastball",1.2,14,"1156",42.1,"271","0.184","0.348","0.264",26.4,24.4,20,"0.224","0.463","0.323",45.1
"Suárez, Albert",544150,"BAL","FF","4-Seam Fastball",0.3,3,"1116",50,"266","0.276","0.469","0.353",22.8,19.9,14.1,"0.249","0.425","0.325",45.2
"Ober, Bailey",641927,"MIN","FF","4-Seam Fastball",0.1,1,"1028",38.1,"262","0.258","0.506","0.355",22.2,22.1,19.7,"0.247","0.484","0.35",47.2
"Pepiot, Ryan",686752,"TB","FF","4-Seam Fastball",1,10,"1084",50.4,"262","0.181","0.33","0.29",31.4,29.4,21.2,"0.172","0.347","0.292",43.4
"Gilbert, Logan",669302,"SEA","SL","Slider",1.1,10,"972",32,"262","0.21","0.375","0.286",36.8,24.8,21.9,"0.225","0.362","0.269",33.9
"Myers, Tobias",668964,"MIL","FF","4-Seam Fastball",0.8,7,"872",40.5,"261","0.236","0.43","0.331",19.2,24.9,21.9,"0.245","0.466","0.338",44.5
"Crawford, Kutter",676710,"BOS","FC","Cutter",0.5,5,"905",32.1,"260","0.216","0.418","0.33",26.5,16.9,23.3,"0.229","0.403","0.315",28
"Paxton, James",572020,"BOS","FF","4-Seam Fastball",-0.2,-2,"928",54.3,"260","0.265","0.433","0.363",14.9,13.1,12.5,"0.264","0.427","0.364",43.9
"Canning, Griffin",656288,"LAA","FF","4-Seam Fastball",-1.1,-12,"1073",37.4,"258","0.252","0.536","0.37",14.8,12.8,12,"0.271","0.522","0.376",44.1
"Assad, Javier",665871,"CHC","SI","Sinker",1,9,"899",35.4,"257","0.233","0.368","0.329",11.2,19.8,20.2,"0.246","0.41","0.337",37.2
"Gausman, Kevin",592332,"TOR","FS","Split-Finger",0.6,6,"959",32.4,"257","0.169","0.262","0.236",33.5,31.5,18.7,"0.212","0.31","0.266",28.8
"Feltner, Ryan",663372,"COL","FF","4-Seam Fastball",0.3,3,"924",35.8,"256","0.247","0.387","0.312",17.1,19.1,18.7,"0.264","0.428","0.329",41.2
"Hicks, Jordan",663855,"SF","SI","Sinker",0.1,1,"1009",51.5,"255","0.342","0.5","0.408",11.6,9,13.7,"0.321","0.498","0.388",48.5
"Ryan, Joe",657746,"MIN","FF","4-Seam Fastball",1.4,14,"1018",48.3,"254","0.193","0.378","0.275",27.4,31.5,23.4,"0.191","0.353","0.265",41.7
"Severino, Luis",622663,"NYM","FF","4-Seam Fastball",0.4,5,"1030",35.6,"253","0.247","0.395","0.322",21.8,24.5,17.2,"0.227","0.35","0.297",40.5
"Arrighetti, Spencer",681293,"HOU","FF","4-Seam Fastball",-0.8,-8,"1018",40.6,"250","0.302","0.516","0.393",19.9,21.2,17.3,"0.273","0.475","0.368",51.8
"Soriano, José",667755,"LAA","SI","Sinker",1.9,16,"802",46.2,"249","0.215","0.262","0.284",16.8,8.8,17.7,"0.269","0.366","0.331",45.1
"Montas, Frankie",593423,"MIL","FF","4-Seam Fastball",-0.6,-5,"868",33,"248","0.208","0.37","0.307",22.9,29,18.7,"0.226","0.407","0.32",48.3
"Quintana, Jose",500779,"NYM","SI","Sinker",1.5,13,"859",30.5,"247","0.248","0.429","0.341",13.1,16.6,23.6,"0.288","0.462","0.372",49.7
"Estes, Joey",683155,"OAK","FF","4-Seam Fastball",0.2,2,"1035",51.1,"247","0.26","0.475","0.342",17.7,13,10.6,"0.26","0.52","0.359",48.5
"Fried, Max",608331,"ATL","FF","4-Seam Fastball",0.6,5,"899",32.5,"247","0.263","0.34","0.334",18,15,17.1,"0.271","0.371","0.336",29.7
"Jones, Jared",683003,"PIT","FF","4-Seam Fastball",0.6,6,"941",49.2,"246","0.224","0.425","0.322",25.8,24,22.5,"0.238","0.438","0.339",46.5
"Gilbert, Logan",669302,"SEA","FF","4-Seam Fastball",0.7,6,"938",30.8,"246","0.204","0.383","0.279",19.3,17.5,22.1,"0.258","0.453","0.33",47.9
"Wacha, Michael",608379,"KC","CH","Changeup",2,17,"839",32.2,"246","0.169","0.312","0.224",34.1,31.7,21.8,"0.175","0.307","0.228",26.1
"Hendricks, Kyle",543294,"CHC","CH","Changeup",-1.1,-9,"827",38.7,"246","0.267","0.409","0.316",23.9,15.4,13.2,"0.244","0.37","0.296",22.4
"Crawford, Kutter",676710,"BOS","FF","4-Seam Fastball",-0.4,-4,"952",33.7,"244","0.255","0.5","0.347",19.8,25.4,19.2,"0.24","0.48","0.337",50.9
"Gomber, Austin",596295,"COL","FF","4-Seam Fastball",-0.9,-9,"1058",40.4,"244","0.308","0.602","0.413",9.6,11.1,11.9,"0.308","0.598","0.413",52.1
"Pallante, Andre",669467,"STL","FF","4-Seam Fastball",0.9,8,"977",49.4,"243","0.227","0.295","0.308",16.5,9.5,12.2,"0.258","0.357","0.332",44.3
"Glasnow, Tyler",607192,"LAD","FF","4-Seam Fastball",0.8,7,"909",45.2,"243","0.215","0.421","0.321",21.5,24.7,27.9,"0.204","0.37","0.297",41.9
"Spence, Mitch",687765,"OAK","FC","Cutter",-0.4,-4,"981",39.5,"240","0.278","0.472","0.364",17.6,14.2,15.1,"0.252","0.408","0.332",45.5
"Bradley, Taj",671737,"TB","FF","4-Seam Fastball",0,0,"957",41.7,"240","0.269","0.5","0.378",21,17.1,15.6,"0.274","0.55","0.394",48.8
"Quantrill, Cal",615698,"COL","FS","Split-Finger",0,0,"846",32,"237","0.206","0.314","0.258",23.4,17.3,13,"0.238","0.357","0.28",33.3
"Brown, Hunter",686613,"HOU","FF","4-Seam Fastball",0.3,3,"1010",35,"236","0.249","0.423","0.339",29.4,35.6,23.3,"0.221","0.358","0.292",43.4
"King, Michael",650633,"SD","CH","Changeup",1.4,10,"713",24.6,"236","0.207","0.286","0.265",36.2,28,23.7,"0.217","0.276","0.255",19.9
"Imanaga, Shota",684007,"CHC","FS","Split-Finger",0.7,6,"792",30.6,"236","0.204","0.283","0.244",43.1,34.3,26.3,"0.217","0.316","0.24",29.3
"Rodón, Carlos",607074,"NYY","SL","Slider",-0.5,-4,"805",26,"236","0.199","0.361","0.274",39.3,43.2,24.5,"0.157","0.254","0.22",27
"Sale, Chris",519242,"ATL","FF","4-Seam Fastball",0.5,5,"1071",38,"235","0.272","0.423","0.333",23.8,32.8,21.9,"0.235","0.378","0.301",44.9
"Suárez, Ranger",624133,"PHI","SI","Sinker",0.7,5,"742",31.5,"235","0.273","0.384","0.326",10.1,20.9,25.7,"0.267","0.36","0.304",42.6
"Skubal, Tarik",669373,"DET","CH","Changeup",0.9,7,"771",26.9,"235","0.216","0.322","0.261",46.1,34.9,30.6,"0.209","0.313","0.236",28.6
"Ureña, José",570632,"TEX","SI","Sinker",0.7,5,"736",41.8,"234","0.271","0.371","0.334",11.9,8.5,11.2,"0.29","0.439","0.349",51
"Skubal, Tarik",669373,"DET","FF","4-Seam Fastball",2,19,"941",32.8,"233","0.197","0.286","0.25",27.7,32.2,24.5,"0.198","0.319","0.261",36.7
"Stroman, Marcus",573186,"NYY","SI","Sinker",0.1,1,"945",35.4,"232","0.301","0.459","0.401",12.3,11.2,13.9,"0.286","0.426","0.363",44.2
"Littell, Zack",641793,"TB","SL","Slider",1.1,9,"866",34.8,"232","0.257","0.427","0.321",22.7,18.1,24.4,"0.259","0.448","0.328",31.8
"Blanco, Ronel",669854,"HOU","SL","Slider",2.3,19,"830",30.2,"231","0.18","0.284","0.24",33.3,23.8,19.7,"0.23","0.35","0.285",31.9
"Francis, Bowden",670102,"TOR","FF","4-Seam Fastball",1.6,13,"797",51.1,"231","0.174","0.371","0.271",18.5,20.3,19.6,"0.215","0.423","0.302",39.5
"Houck, Tanner",656557,"BOS","SI","Sinker",0.2,2,"884",32.3,"230","0.27","0.325","0.336",14.2,16.1,19.5,"0.318","0.451","0.382",47.6
"Kikuchi, Yusei",579328,"HOU","SL","Slider",1.1,8,"701",24,"230","0.207","0.276","0.284",29.7,27.8,23.4,"0.24","0.351","0.309",45
"Fedde, Erick",607200,"STL","FC","Cutter",0.8,7,"934",32.3,"229","0.262","0.47","0.346",23.2,19.7,18.4,"0.252","0.43","0.331",34.2
"Canning, Griffin",656288,"LAA","CH","Changeup",0.5,4,"765",26.7,"229","0.259","0.387","0.318",28.8,16.6,17.4,"0.247","0.37","0.293",36.9
"Cortes, Nestor",641482,"NYY","FC","Cutter",0.7,5,"797",28,"229","0.249","0.378","0.307",25.1,19.7,22.4,"0.258","0.387","0.31",37.3
"Pfaadt, Brandon",694297,"AZ","FF","4-Seam Fastball",0.3,3,"933",33.4,"228","0.263","0.463","0.347",22.4,18.4,17.2,"0.278","0.51","0.37",48.8
"Manaea, Sean",640455,"NYM","FF","4-Seam Fastball",0.9,8,"931",31.1,"227","0.163","0.315","0.259",25.7,28.2,19.2,"0.214","0.384","0.299",38.6
"Irvin, Jake",663623,"WSH","CU","Curveball",0.4,4,"953",31.3,"225","0.226","0.42","0.305",25.1,21.3,15.8,"0.245","0.411","0.302",34.5
"Berríos, José",621244,"TOR","SV","Slurve",0.2,2,"832",28.6,"225","0.188","0.404","0.277",31,31.6,23.2,"0.217","0.406","0.292",33.8
"Woods Richardson, Simeon",680573,"MIN","FF","4-Seam Fastball",1,9,"924",40.3,"224","0.258","0.356","0.32",21.9,22.3,18.4,"0.229","0.394","0.319",41.8
"Waldron, Matt",663362,"SD","KN","Knuckleball",-1.1,-10,"936",38.2,"223","0.246","0.394","0.307",27.5,30.5,20.6,"0.227","0.338","0.278",28.3
"Pérez, Martín",527048,"SD","SI","Sinker",0.7,5,"806",36.6,"223","0.282","0.395","0.345",9.7,10.3,12.2,"0.287","0.435","0.357",44.8
"Civale, Aaron",650644,"MIL","FC","Cutter",1.4,12,"869",32.2,"223","0.232","0.394","0.322",23.3,18.8,21.6,"0.248","0.387","0.312",36.6
"Ober, Bailey",641927,"MIN","CH","Changeup",1,8,"792",29.4,"223","0.154","0.285","0.212",39.5,37.7,26,"0.164","0.263","0.206",22.1
"Spence, Mitch",687765,"OAK","SL","Slider",0.3,2,"810",32.6,"222","0.278","0.493","0.353",27.6,22.1,19.3,"0.245","0.447","0.324",36.9
"Fedde, Erick",607200,"STL","SI","Sinker",0.5,5,"874",30.2,"221","0.255","0.365","0.304",20.3,24.4,20.4,"0.277","0.421","0.335",53.4
"Hendricks, Kyle",543294,"CHC","SI","Sinker",-1.7,-13,"760",35.6,"221","0.333","0.493","0.382",10.9,10.4,14,"0.323","0.474","0.378",42.2
"Rodriguez, Grayson",680570,"BAL","FF","4-Seam Fastball",0.1,1,"896",47.7,"220","0.287","0.41","0.352",27,24.1,19.1,"0.241","0.387","0.318",40.8
"Blanco, Ronel",669854,"HOU","FF","4-Seam Fastball",-0.3,-3,"1055",38.3,"219","0.232","0.497","0.371",19.2,16.9,14.8,"0.269","0.57","0.408",45.9
"Pfaadt, Brandon",694297,"AZ","ST","Sweeper",-1.3,-10,"763",27.3,"219","0.215","0.455","0.292",36.2,35.2,23.2,"0.195","0.353","0.246",31.6
"Severino, Luis",622663,"NYM","SI","Sinker",1,7,"711",24.6,"218","0.274","0.411","0.335",12.1,5.5,12.8,"0.29","0.46","0.357",31.4
"Lynn, Lance",458681,"STL","FF","4-Seam Fastball",1.8,17,"964",47.3,"217","0.196","0.392","0.28",28.7,28.1,22.3,"0.238","0.486","0.327",48.6
"Rea, Colin",607067,"MIL","SI","Sinker",0.4,3,"828",31.2,"215","0.299","0.479","0.377",11.4,11.6,15.5,"0.305","0.52","0.385",49.4
"Heaney, Andrew",571760,"TEX","SL","Slider",-0.3,-2,"760",27.8,"214","0.26","0.385","0.314",36.5,28,22.2,"0.244","0.413","0.31",41.1
"Corbin, Patrick",571578,"WSH","SL","Slider",0.2,2,"992",34.3,"213","0.216","0.335","0.273",35.4,25.4,17.2,"0.214","0.327","0.274",32.2
"Houck, Tanner",656557,"BOS","FS","Split-Finger",1.1,7,"679",24.8,"213","0.195","0.265","0.234",20.8,14.1,16.6,"0.247","0.326","0.271",41.3
"Verlander, Justin",434378,"HOU","FF","4-Seam Fastball",-1.3,-10,"763",48.3,"211","0.297","0.497","0.371",20.4,17.5,18.6,"0.238","0.423","0.321",40.8
"Skenes, Paul",694973,"PIT","FF","4-Seam Fastball",0.7,6,"834",39.2,"210","0.23","0.351","0.292",24.2,37.6,21.8,"0.201","0.331","0.269",48.7
"Hill, Tim",657612,"NYY","SI","Sinker",1.1,7,"670",68.2,"210","0.293","0.309","0.314",8.6,6.2,9.3,"0.271","0.328","0.303",40.3
"Kopech, Michael",656629,"LAD","FF","4-Seam Fastball",0.7,6,"896",78.4,"209","0.183","0.326","0.291",34,34,26.7,"0.184","0.333","0.289",42.1
"Woo, Bryan",693433,"SEA","FF","4-Seam Fastball",1.2,10,"840",49,"208","0.213","0.35","0.259",27.4,26,18.5,"0.223","0.371","0.274",37.9
"Eflin, Zach",621107,"BAL","SI","Sinker",0.2,2,"706",28.9,"208","0.29","0.4","0.326",13.8,15.9,19.5,"0.269","0.386","0.3",47.3
"Lively, Ben",594902,"CLE","SI","Sinker",0.8,6,"711",29.6,"208","0.212","0.358","0.287",13.3,26,19.1,"0.202","0.331","0.263",43.9
"Greene, Hunter",668881,"CIN","SL","Slider",0.6,5,"888",34.6,"207","0.161","0.3","0.258",39,28.5,20.8,"0.167","0.272","0.253",22.1
"Kochanowicz, Jack",686799,"LAA","SI","Sinker",-0.2,-1,"628",73.1,"206","0.289","0.428","0.352",12.3,4.9,8,"0.302","0.463","0.349",44.9
"Valdez, Framber",664285,"HOU","CU","Curveball",1.5,12,"813",31.3,"205","0.121","0.187","0.191",39.8,44.9,25.6,"0.131","0.185","0.195",35.9
"Mikolas, Miles",571945,"STL","SI","Sinker",0.9,6,"637",23.5,"204","0.238","0.402","0.306",10.8,15.7,15.4,"0.26","0.433","0.328",42.4
"Pfaadt, Brandon",694297,"AZ","SI","Sinker",-0.5,-3,"619",22.2,"203","0.288","0.366","0.332",11.9,23.6,26.8,"0.257","0.342","0.287",37.1
"Smith, Cade",671922,"CLE","FF","4-Seam Fastball",3.5,28,"806",69.1,"203","0.174","0.253","0.215",30.4,39.9,31.4,"0.191","0.311","0.247",46.4
"Kirby, George",669923,"SEA","SI","Sinker",0.9,6,"685",23.1,"203","0.253","0.34","0.288",10.3,11.8,13.3,"0.26","0.381","0.297",39.4
"Vodnik, Victor",680767,"COL","FF","4-Seam Fastball",-0.5,-4,"848",63.2,"203","0.291","0.451","0.377",18.2,17.7,14.9,"0.289","0.486","0.383",51.1
"Nola, Aaron",605400,"PHI","FF","4-Seam Fastball",1.1,10,"885",27.8,"202","0.166","0.314","0.267",23.2,25.2,18.7,"0.187","0.316","0.279",39.2
"Gray, Jon",592351,"TEX","FF","4-Seam Fastball",-1,-7,"720",44.4,"201","0.311","0.443","0.36",15,15.9,14.4,"0.305","0.491","0.373",51
"Clase, Emmanuel",661403,"CLE","FC","Cutter",3,23,"765",77.8,"201","0.15","0.209","0.194",24.5,20.9,21,"0.224","0.303","0.257",30.4
"Beeks, Jalen",656222,"PIT","FF","4-Seam Fastball",-0.4,-2,"655",55.2,"201","0.282","0.379","0.34",16.2,15.4,18.3,"0.239","0.381","0.31",40.3
"Wheeler, Zack",554430,"PHI","SI","Sinker",3,18,"597",19,"200","0.188","0.258","0.225",14.4,22,27.5,"0.212","0.296","0.252",31.3
"Keller, Mitch",656605,"PIT","SI","Sinker",0.2,1,"648",22.7,"199","0.264","0.391","0.336",13,19.6,22.4,"0.223","0.356","0.299",44.9
"Gibson, Kyle",502043,"STL","SI","Sinker",0,0,"731",26.4,"199","0.267","0.422","0.342",9.2,16.1,19.4,"0.287","0.433","0.348",47.7
"Woods Richardson, Simeon",680573,"MIN","SL","Slider",0.7,5,"716",31.2,"198","0.214","0.313","0.257",23.9,20.7,14.3,"0.234","0.37","0.293",27.1
"McKenzie, Triston",663474,"CLE","FF","4-Seam Fastball",-2.3,-16,"683",52.4,"198","0.303","0.652","0.471",10.3,11.1,16.2,"0.307","0.659","0.467",48.5
"Morton, Charlie",450203,"ATL","FF","4-Seam Fastball",-1.5,-12,"797",28.6,"198","0.279","0.512","0.379",19.6,24.7,18.9,"0.269","0.484","0.366",47.6
"Eovaldi, Nathan",543135,"TEX","FS","Split-Finger",0.6,5,"808",30.8,"198","0.2","0.286","0.237",36.8,27.8,23.3,"0.232","0.327","0.273",43.9
"Bello, Brayan",678394,"BOS","CH","Changeup",0.1,1,"730",26.9,"197","0.177","0.354","0.271",36.9,26.9,23.5,"0.213","0.37","0.287",30.2
"Ashcraft, Graham",668933,"CIN","FC","Cutter",-0.4,-3,"649",48.4,"197","0.329","0.52","0.436",16.2,11.2,14.9,"0.317","0.493","0.392",44.4
"Ragans, Cole",666142,"KC","CH","Changeup",1,7,"740",23.7,"197","0.183","0.28","0.26",47.8,31,25.2,"0.183","0.271","0.253",21.9
"Gallen, Zac",668678,"AZ","CU","Curveball",1.9,13,"695",27.7,"196","0.148","0.23","0.207",39.2,38.8,25.2,"0.175","0.234","0.212",30.6
"Gray, Sonny",543243,"STL","ST","Sweeper",1,5,"500",20.1,"196","0.142","0.205","0.182",44.4,57.1,27.9,"0.148","0.253","0.188",26.9
"Gray, Jon",592351,"TEX","SL","Slider",0.9,7,"711",43.9,"194","0.213","0.344","0.27",33.4,25.3,21.6,"0.241","0.38","0.288",33.1
"Hader, Josh",623352,"HOU","SI","Sinker",-0.5,-4,"832",71.4,"194","0.192","0.372","0.291",32.5,35.1,23.9,"0.168","0.321","0.26",37.1
"Keller, Mitch",656605,"PIT","FF","4-Seam Fastball",0.9,8,"844",29.6,"193","0.259","0.414","0.334",23.8,25.4,19.1,"0.241","0.403","0.32",39.7
"Gil, Luis",661563,"NYY","SL","Slider",1.3,9,"690",25.9,"193","0.171","0.312","0.263",31.5,29,23.7,"0.193","0.332","0.281",33.3
"Jones, Jared",683003,"PIT","SL","Slider",0.6,4,"667",34.9,"193","0.207","0.352","0.278",37.3,31.1,25.2,"0.205","0.322","0.262",40.3
"Herz, DJ",687792,"WSH","FF","4-Seam Fastball",1,9,"860",54.2,"193","0.222","0.317","0.302",30.5,32.1,22.7,"0.194","0.322","0.282",41.5
"Flaherty, Jack",656427,"LAD","SL","Slider",0.1,1,"746",28.2,"192","0.222","0.455","0.331",36.3,27.1,20.8,"0.218","0.378","0.289",36.8
"Manaea, Sean",640455,"NYM","SI","Sinker",1.4,11,"750",25,"192","0.231","0.337","0.31",19.6,19.3,18.7,"0.272","0.453","0.357",51.5
"Gomber, Austin",596295,"COL","CU","Curveball",-0.3,-1,"587",22.4,"190","0.22","0.368","0.272",26.9,28.9,19.2,"0.229","0.357","0.264",33.3
"Gibson, Kyle",502043,"STL","ST","Sweeper",0.6,3,"571",20.7,"190","0.2","0.312","0.257",41.2,36.8,25.7,"0.202","0.292","0.256",26
"Irvin, Jake",663623,"WSH","SI","Sinker",-1.6,-10,"629",20.7,"190","0.324","0.494","0.403",14.9,11.6,15.8,"0.322","0.483","0.385",39.2
"Lugo, Seth",607625,"KC","FF","4-Seam Fastball",0.5,4,"748",24,"189","0.238","0.413","0.315",17.5,21.7,18.6,"0.254","0.459","0.338",43.5
"Dunning, Dane",641540,"TEX","SI","Sinker",0.3,2,"643",38.1,"189","0.274","0.439","0.363",13.2,16.4,16.3,"0.298","0.523","0.396",55.6
"Rogers, Tyler",643511,"SF","SI","Sinker",1.8,11,"644",64.3,"189","0.247","0.335","0.293",15.4,13.8,16.1,"0.253","0.338","0.27",35.4
"King, Michael",650633,"SD","SI","Sinker",0.9,7,"806",27.8,"188","0.2","0.376","0.293",18.9,27.7,24.6,"0.225","0.402","0.309",38.1
"Montgomery, Jordan",656756,"AZ","SI","Sinker",-2.7,-16,"597",30.9,"188","0.376","0.582","0.447",15.8,7.4,13.1,"0.35","0.54","0.421",45.1
"Nola, Aaron",605400,"PHI","SI","Sinker",-0.2,-1,"654",20.5,"187","0.316","0.48","0.359",12.5,19.8,22.4,"0.277","0.436","0.324",44.7
"Flexen, Chris",623167,"CWS","FC","Cutter",-0.8,-6,"730",26.1,"186","0.319","0.536","0.403",21.6,11.8,13.7,"0.297","0.488","0.372",36.3
"Bradley, Taj",671737,"TB","FS","Split-Finger",0.1,1,"616",26.9,"186","0.213","0.32","0.27",33,37.1,25.6,"0.194","0.28","0.244",37.9
"Thompson, Ryan",657044,"AZ","SI","Sinker",1.1,7,"626",64.1,"186","0.269","0.404","0.315",17.1,9.1,15.6,"0.285","0.431","0.337",49
"Cecconi, Slade",677944,"AZ","FF","4-Seam Fastball",-1.6,-11,"708",54.8,"185","0.329","0.582","0.408",16.4,19.5,16.5,"0.271","0.488","0.353",41.2
"Abreu, Bryan",650556,"HOU","SL","Slider",1.1,7,"690",53.1,"185","0.166","0.227","0.244",39.4,37.3,29,"0.169","0.242","0.243",29.5
"Suarez, Robert",663158,"SD","FF","4-Seam Fastball",0.9,6,"691",70.7,"184","0.221","0.343","0.282",25.7,27.2,22.7,"0.209","0.343","0.265",41.5
"Lugo, Seth",607625,"KC","SI","Sinker",1,6,"575",18.5,"183","0.269","0.359","0.325",12.9,13.1,18.6,"0.283","0.404","0.327",39.3
"Mize, Casey",663554,"DET","FF","4-Seam Fastball",0,0,"682",38.1,"183","0.294","0.418","0.36",20.7,19.7,14.8,"0.274","0.445","0.334",45.9
"Crochet, Garrett",676979,"CWS","FC","Cutter",0.5,4,"683",28.5,"183","0.268","0.458","0.345",33.4,32.8,29.4,"0.236","0.413","0.286",42.9
"Johnson, Pierce",572955,"ATL","CU","Curveball",0.2,1,"656",71.6,"183","0.243","0.396","0.321",28.1,28.4,26.5,"0.227","0.393","0.299",41
"Canning, Griffin",656288,"LAA","SL","Slider",-1.1,-7,"690",24.1,"182","0.284","0.444","0.354",33.1,26.9,20.9,"0.249","0.398","0.316",44.3
"Eflin, Zach",621107,"BAL","FC","Cutter",2.1,14,"691",28.2,"182","0.214","0.345","0.276",22.3,20.9,25.5,"0.24","0.423","0.313",41.2
"Cole, Gerrit",543037,"NYY","FF","4-Seam Fastball",1.1,7,"696",45.4,"181","0.184","0.361","0.294",23.5,30.4,22.7,"0.187","0.362","0.292",36.9
"Hjelle, Sean",663546,"SF","SI","Sinker",0.8,5,"661",54.7,"181","0.316","0.421","0.344",11.4,13.8,18.8,"0.277","0.402","0.312",38.5
"López, Reynaldo",625643,"ATL","SL","Slider",2,12,"620",29.4,"181","0.168","0.257","0.221",44.3,40.3,27.3,"0.203","0.31","0.256",39.6
"Kinley, Tyler",641755,"COL","SL","Slider",0.1,1,"745",62.9,"181","0.2","0.438","0.318",41.3,35.9,23.7,"0.19","0.332","0.27",26.3
"Steele, Justin",657006,"CHC","SL","Slider",0.7,4,"608",29.7,"180","0.16","0.243","0.201",28.2,31.7,21.3,"0.182","0.261","0.217",26.7
"Akin, Keegan",669211,"BAL","FF","4-Seam Fastball",0.4,3,"695",56,"180","0.215","0.392","0.291",28.1,30,24.4,"0.189","0.34","0.271",41.8
"Blanco, Ronel",669854,"HOU","CH","Changeup",0.7,4,"608",22.1,"180","0.188","0.356","0.285",34.3,32.2,23.7,"0.196","0.294","0.261",29.8
"Kelly, Kevin",687330,"TB","SI","Sinker",2.1,13,"635",61.5,"179","0.255","0.376","0.304",13.9,16.8,18.8,"0.263","0.398","0.311",43.5
"Jansen, Kenley",445276,"BOS","FC","Cutter",1,7,"680",84.9,"178","0.215","0.348","0.286",28.2,28.1,26.2,"0.215","0.383","0.299",39.6
"Lawrence, Justin",664875,"COL","SI","Sinker",-3.3,-21,"630",58.3,"178","0.392","0.629","0.493",16.5,6.2,11,"0.354","0.541","0.439",50
"Bello, Brayan",678394,"BOS","SL","Slider",-0.2,-2,"760",28,"177","0.268","0.401","0.334",34.3,28.2,22.2,"0.264","0.399","0.332",38.2
"Taillon, Jameson",592791,"CHC","FF","4-Seam Fastball",0,0,"732",29.5,"176","0.293","0.506","0.365",14.4,15.9,13.1,"0.304","0.563","0.387",50
"Finnegan, Kyle",640448,"WSH","FF","4-Seam Fastball",-0.2,-1,"721",67.6,"176","0.286","0.429","0.347",19.9,19.9,13.7,"0.286","0.427","0.341",48.4
"López, Pablo",641154,"MIN","ST","Sweeper",-0.1,-1,"654",21.9,"176","0.239","0.436","0.321",33.1,33,21.6,"0.197","0.331","0.259",35.5
"Robertson, David",502085,"TEX","FC","Cutter",2.4,19,"768",63.4,"175","0.163","0.209","0.239",30.8,37.7,27,"0.177","0.261","0.25",39.8
"Skubal, Tarik",669373,"DET","SI","Sinker",1.2,7,"584",20.4,"174","0.207","0.305","0.245",16,24.7,23.6,"0.215","0.312","0.252",36.9
"Rainey, Tanner",663432,"WSH","FF","4-Seam Fastball",-0.6,-4,"666",70.9,"174","0.255","0.49","0.376",19.7,16.1,14.7,"0.237","0.516","0.371",44.3
"Peterson, David",656849,"NYM","SI","Sinker",1.6,10,"604",32.3,"174","0.25","0.355","0.332",15.8,11.5,21.1,"0.294","0.429","0.361",42.9
"Marsh, Alec",679525,"KC","FF","4-Seam Fastball",0.4,3,"799",37,"173","0.197","0.375","0.304",22,28.3,20.6,"0.211","0.396","0.312",37.9
"Harris, Hogan",663687,"OAK","FF","4-Seam Fastball",0.3,2,"683",56.3,"173","0.261","0.408","0.363",16.9,16.8,14.6,"0.305","0.536","0.418",47.4
"Pivetta, Nick",601713,"BOS","ST","Sweeper",-0.4,-2,"614",25.7,"171","0.224","0.436","0.286",35,35.1,24.3,"0.189","0.328","0.231",28
"Mikolas, Miles",571945,"STL","SL","Slider",-0.9,-6,"655",24.2,"171","0.301","0.506","0.356",16.4,16.4,15.1,"0.306","0.466","0.339",40.3
"Kremer, Dean",665152,"BAL","FF","4-Seam Fastball",-0.1,0,"700",32.2,"170","0.247","0.5","0.375",23.1,26.5,20.1,"0.244","0.526","0.373",46.1
"Vesia, Alex",681911,"LAD","FF","4-Seam Fastball",1.1,8,"700",63.1,"170","0.15","0.357","0.295",28.4,28.8,21,"0.165","0.403","0.313",40.9
"Allen, Logan",671106,"CLE","FF","4-Seam Fastball",-1.2,-7,"626",37.6,"170","0.322","0.559","0.402",14.6,15.3,16.5,"0.3","0.53","0.388",50
"Blach, Ty",621389,"COL","SI","Sinker",-2.6,-15,"576",50.8,"169","0.386","0.68","0.483",9,11.2,14.3,"0.343","0.657","0.447",44.9
"Sears, JP",676664,"OAK","ST","Sweeper",0.2,2,"687",24,"168","0.239","0.381","0.288",21.3,18.5,15.2,"0.228","0.389","0.285",34.4
"Taillon, Jameson",592791,"CHC","FC","Cutter",2.5,15,"622",25.1,"168","0.252","0.31","0.277",19.1,14.3,23.8,"0.264","0.404","0.315",36.1
"Montero, Keider",672456,"DET","FF","4-Seam Fastball",-0.3,-2,"635",41.3,"167","0.27","0.486","0.365",18,17.4,16.5,"0.315","0.514","0.394",48.7
"Kimbrel, Craig",518886,"BAL","FF","4-Seam Fastball",-0.1,0,"633",65.7,"167","0.203","0.421","0.34",28.9,32.9,27.8,"0.209","0.408","0.34",46.9
"López, Pablo",641154,"MIN","CH","Changeup",-0.7,-4,"599",20.1,"166","0.281","0.359","0.309",24.9,19.9,18.3,"0.261","0.349","0.297",24.8
"Paddack, Chris",663978,"MIN","FF","4-Seam Fastball",0.8,5,"626",42.9,"166","0.277","0.4","0.317",24.3,28.3,24.4,"0.245","0.375","0.295",48.6
"Mikolas, Miles",571945,"STL","FF","4-Seam Fastball",0.2,1,"742",27.4,"166","0.286","0.422","0.342",18,13.9,10.5,"0.269","0.445","0.328",51.9
"Snell, Blake",605483,"SF","FF","4-Seam Fastball",0.6,5,"821",46.3,"165","0.201","0.306","0.284",24.4,24.8,20.9,"0.195","0.344","0.294",33
"Quintana, Jose",500779,"NYM","CU","Curveball",0,0,"616",21.9,"165","0.265","0.444","0.34",26.4,19.4,19.4,"0.272","0.428","0.333",33.3
"Littell, Zack",641793,"TB","FS","Split-Finger",-0.6,-3,"576",23.2,"164","0.258","0.423","0.299",34.4,29.3,18.3,"0.245","0.371","0.268",37.4
"Rogers, Trevor",669432,"BAL","FF","4-Seam Fastball",-0.2,-2,"711",31.7,"163","0.252","0.467","0.348",23.3,23.3,17.4,"0.24","0.5","0.359",48.5
"Kirby, George",669923,"SEA","SL","Slider",1.4,9,"702",23.7,"162","0.226","0.316","0.253",27.1,22.8,22.6,"0.236","0.388","0.288",32.5
"Scott, Tanner",656945,"SD","FF","4-Seam Fastball",2.5,17,"688",59.2,"162","0.134","0.179","0.231",28.9,29,21.1,"0.184","0.252","0.27",28.9
"Castillo, Luis",622491,"SEA","SI","Sinker",-0.7,-4,"517",18.1,"162","0.295","0.456","0.371",10.5,11.7,16.2,"0.304","0.454","0.357",42.3
"Walker, Ryan",676254,"SF","SI","Sinker",2.1,14,"669",54.8,"162","0.201","0.264","0.267",18.8,26.5,22.3,"0.213","0.32","0.28",37.3
"Lodolo, Nick",666157,"CIN","SI","Sinker",0.7,4,"531",28.5,"161","0.265","0.434","0.367",17.5,9.9,18.6,"0.263","0.393","0.346",38.3
"Ortiz, Luis L.",682847,"PIT","SI","Sinker",0.7,4,"554",25.9,"161","0.237","0.374","0.333",12.9,5.6,11.4,"0.287","0.486","0.379",44.7
"Adams, Austin",613534,"OAK","SL","Slider",-0.4,-2,"594",73.8,"161","0.246","0.346","0.341",39.3,32.3,24.9,"0.199","0.269","0.297",27.5
"Williams, Gavin",668909,"CLE","FF","4-Seam Fastball",-0.1,-1,"702",51.3,"160","0.288","0.424","0.364",22.1,18.1,14.7,"0.281","0.458","0.362",42
"Bradford, Cody",674003,"TEX","FF","4-Seam Fastball",1.7,11,"614",52.3,"160","0.185","0.344","0.253",21.3,23.8,19.2,"0.218","0.391","0.28",37.7
"Bibee, Tanner",676440,"CLE","FC","Cutter",1.8,13,"698",24.5,"160","0.141","0.225","0.227",36.8,31.3,21.7,"0.18","0.291","0.258",27.4
"Pop, Zach",647315,"TOR","SI","Sinker",-0.4,-2,"542",72.8,"159","0.254","0.415","0.363",21.7,16.4,20.5,"0.281","0.445","0.352",50.4
"Alvarado, José",621237,"PHI","SI","Sinker",0.4,2,"623",59.2,"159","0.255","0.416","0.346",16.2,10.7,13.6,"0.3","0.472","0.38",43
"Cannon, Jonathan",686563,"CWS","SI","Sinker",0.7,4,"569",28.1,"158","0.287","0.449","0.373",13.2,12,16.5,"0.31","0.479","0.392",52.5
"Bednar, David",670280,"PIT","FF","4-Seam Fastball",-1,-6,"568",55.5,"158","0.256","0.459","0.377",24.1,18.4,16.7,"0.244","0.478","0.364",42.5
"Rogers, Trevor",669432,"BAL","CH","Changeup",-1.1,-6,"533",23.8,"158","0.295","0.396","0.347",23.8,17.1,12.7,"0.265","0.351","0.293",45.1
"Quantrill, Cal",615698,"COL","SI","Sinker",-2,-13,"669",25.3,"157","0.415","0.667","0.514",14.9,12.1,13.1,"0.313","0.466","0.413",50.5
"Wilson, Bryse",669060,"MIL","SI","Sinker",1.7,9,"533",32.4,"156","0.241","0.372","0.296",13.3,16,19.5,"0.303","0.454","0.353",50
"Lively, Ben",594902,"CLE","FF","4-Seam Fastball",-0.5,-4,"742",30.8,"156","0.289","0.555","0.421",16.8,10.3,14.4,"0.277","0.561","0.416",55.4
"Rogers, Trevor",669432,"BAL","SI","Sinker",-0.7,-4,"537",23.9,"156","0.292","0.492","0.374",10,12.8,16.1,"0.32","0.497","0.408",47
"Holmes, Clay",605280,"NYY","SI","Sinker",-0.9,-5,"606",55.9,"156","0.319","0.428","0.372",22.4,13.5,15.6,"0.286","0.391","0.333",38.3
"Keller, Mitch",656605,"PIT","ST","Sweeper",0.4,2,"441",15.5,"155","0.206","0.333","0.264",25.1,31,21.6,"0.197","0.304","0.263",25.3
"Gore, MacKenzie",669022,"WSH","CU","Curveball",0,0,"586",19.6,"155","0.218","0.296","0.276",34,34.8,23.5,"0.2","0.258","0.237",37.1
"Skenes, Paul",694973,"PIT","SI","Sinker",3,18,"603",28.4,"155","0.184","0.234","0.238",29.3,20,26.7,"0.231","0.325","0.284",35.5
"Cronin, Declan",686539,"MIA","SL","Slider",-0.3,-1,"565",51.6,"155","0.262","0.331","0.299",31.6,26.5,27.2,"0.244","0.371","0.287",34
"Sears, JP",676664,"OAK","CH","Changeup",-0.2,-1,"549",19.2,"155","0.297","0.428","0.332",18.8,6.5,8.4,"0.282","0.451","0.334",29.2
"Hudson, Dakota",641712,"COL","SI","Sinker",0.2,1,"492",32.5,"155","0.299","0.433","0.375",8,3.2,5.3,"0.334","0.527","0.414",50.8
"De Los Santos, Enyel",660853,"CWS","FF","4-Seam Fastball",-0.8,-5,"556",49.3,"154","0.311","0.622","0.431",20.4,18.8,15.3,"0.272","0.544","0.389",47.2
"Rea, Colin",607067,"MIL","FF","4-Seam Fastball",0.2,1,"508",19.2,"154","0.204","0.314","0.277",25,32.5,19.8,"0.235","0.354","0.3",40.9
"Corbin, Patrick",571578,"WSH","FC","Cutter",-1,-5,"554",19.2,"153","0.301","0.434","0.342",22.3,22.9,17.4,"0.284","0.429","0.327",49.5
"Civale, Aaron",650644,"MIL","SI","Sinker",-0.1,-1,"652",24.2,"153","0.235","0.394","0.33",16.1,17,16.6,"0.259","0.407","0.339",43.1
"Houser, Adrian",605288,"NYM","SI","Sinker",-0.7,-3,"503",44.5,"153","0.252","0.382","0.352",12.2,13.1,15.7,"0.249","0.39","0.337",41.4
"Ortiz, Luis L.",682847,"PIT","FF","4-Seam Fastball",1.1,6,"572",26.7,"153","0.187","0.331","0.264",20.8,28.8,18.1,"0.206","0.419","0.303",41.1
"Miller, Bryce",682243,"SEA","SI","Sinker",0.9,4,"476",17.3,"153","0.248","0.358","0.312",10.2,17,27.4,"0.283","0.439","0.351",47.3
"Ortiz, Luis L.",682847,"PIT","SL","Slider",-0.5,-3,"575",26.8,"153","0.203","0.392","0.282",31,31.4,20.9,"0.208","0.366","0.271",27.8
"Pérez, Martín",527048,"SD","CH","Changeup",-1.4,-7,"501",22.7,"152","0.28","0.448","0.345",34.1,27,23.4,"0.264","0.434","0.32",31.1
"Wacha, Michael",608379,"KC","FF","4-Seam Fastball",-0.1,0,"612",23.5,"152","0.287","0.456","0.36",16.9,17.8,16.3,"0.297","0.475","0.366",40.5
"Rodríguez, Yariel",684320,"TOR","SL","Slider",1.1,5,"424",28.2,"151","0.213","0.36","0.29",33.5,32.5,25.9,"0.198","0.356","0.283",35.6
"Birdsong, Hayden",806185,"SF","FF","4-Seam Fastball",0.5,3,"617",44.5,"151","0.216","0.44","0.364",18.3,16.6,16.1,"0.271","0.529","0.414",54.3
"Koenig, Jared",657649,"MIL","SI","Sinker",1.7,10,"577",56.7,"150","0.235","0.303","0.301",17.7,20.7,18.5,"0.235","0.366","0.311",37.3
"Tonkin, Michael",543859,"MIN","FF","4-Seam Fastball",0.2,1,"532",37.5,"150","0.205","0.352","0.327",23.8,30.7,21.3,"0.231","0.422","0.349",38.5
"Miller, Mason",695243,"OAK","FF","4-Seam Fastball",1.6,11,"645",63,"150","0.178","0.319","0.255",37.2,37.3,28.6,"0.182","0.28","0.25",37.5
"King, Michael",650633,"SD","FF","4-Seam Fastball",-0.3,-2,"700",24.2,"150","0.265","0.402","0.333",26.1,27.3,15.6,"0.229","0.402","0.318",42.4
"Maeda, Kenta",628317,"DET","FS","Split-Finger",-0.5,-3,"610",31.2,"150","0.217","0.42","0.299",30.3,25.3,15.1,"0.253","0.424","0.308",46.3
"Montgomery, Jordan",656756,"AZ","CU","Curveball",-0.8,-5,"593",30.7,"150","0.27","0.453","0.332",35.3,22,15.1,"0.25","0.352","0.288",35.5
"Baz, Shane",669358,"TB","FF","4-Seam Fastball",0.8,4,"578",47.9,"149","0.252","0.37","0.324",22.1,18.1,19.4,"0.226","0.384","0.316",47.1
"Pepiot, Ryan",686752,"TB","CH","Changeup",-1.2,-6,"504",23.5,"149","0.216","0.353","0.3",28.6,28.9,20.4,"0.24","0.34","0.278",34
"Cabrera, Edward",665795,"MIA","CH","Changeup",-0.5,-3,"579",33.4,"149","0.197","0.311","0.287",34.2,30.2,24.9,"0.215","0.366","0.297",42
"Peralta, Freddy",642547,"MIL","SL","Slider",-0.5,-3,"661",21.6,"149","0.203","0.384","0.283",41,31.5,19.3,"0.206","0.345","0.272",23.9
"Megill, Tylor",656731,"NYM","FF","4-Seam Fastball",0.3,2,"637",46.7,"148","0.228","0.35","0.351",29.3,26.4,21.5,"0.229","0.4","0.341",48.8
"Vest, Will",676684,"DET","FF","4-Seam Fastball",1.8,12,"653",56.2,"148","0.182","0.212","0.221",22.8,27,18.8,"0.237","0.363","0.29",45.4
"Castillo, Luis",622491,"SEA","SL","Slider",0.7,4,"638",22.3,"148","0.209","0.36","0.263",35.9,30.4,18.4,"0.226","0.351","0.269",41.7
"Floro, Dylan",571670,"AZ","SI","Sinker",0.5,2,"502",49.3,"148","0.272","0.375","0.315",8.4,16.2,21.2,"0.284","0.417","0.336",43
"Stone, Gavin",694813,"LAD","SI","Sinker",-0.1,0,"464",21.6,"148","0.319","0.489","0.383",12.4,8.8,12.1,"0.275","0.406","0.327",32.5
"Ginkel, Kevin",656464,"AZ","FF","4-Seam Fastball",0.5,3,"620",52.4,"147","0.271","0.421","0.329",20,21.1,15.2,"0.238","0.402","0.308",48.1
"Webb, Logan",657277,"SF","ST","Sweeper",0.3,2,"680",21.2,"147","0.239","0.331","0.271",26.8,27.2,14.9,"0.251","0.372","0.281",38.8
"Miller, Bryce",682243,"SEA","FS","Split-Finger",2.1,10,"469",17.1,"147","0.148","0.225","0.174",29,36.7,21.7,"0.18","0.274","0.209",34.8
"Manaea, Sean",640455,"NYM","ST","Sweeper",-0.6,-3,"572",19.1,"147","0.193","0.311","0.251",38.8,41.5,26.1,"0.159","0.254","0.219",25.3
"Foley, Jason",671345,"DET","SI","Sinker",-0.2,-1,"501",55.4,"147","0.295","0.419","0.352",13.8,14.3,16.9,"0.291","0.434","0.357",48.6
"Doval, Camilo",666808,"SF","SL","Slider",1.1,6,"570",51.1,"147","0.184","0.272","0.265",44.8,38.8,28.8,"0.124","0.18","0.215",37.1
"Gray, Sonny",543243,"STL","SI","Sinker",1.2,5,"444",17.9,"147","0.201","0.388","0.293",20.6,35.4,33.1,"0.213","0.375","0.285",46.4
"Yates, Kirby",489446,"TEX","FF","4-Seam Fastball",2.8,18,"623",60.7,"146","0.113","0.21","0.212",35.2,41.1,27.3,"0.128","0.213","0.22",33.3
"Lodolo, Nick",666157,"CIN","CU","Curveball",-0.9,-5,"509",27.3,"146","0.217","0.302","0.276",42.9,44.5,27.3,"0.168","0.236","0.231",26.2
"Mears, Nick",683232,"MIL","FF","4-Seam Fastball",0.1,1,"619",60.2,"146","0.24","0.4","0.321",20,23.3,19.3,"0.238","0.402","0.322",38.3
"Stroman, Marcus",573186,"NYY","SL","Slider",-2.5,-11,"424",15.9,"146","0.258","0.386","0.325",27.2,28.1,18,"0.231","0.369","0.3",42.9
"King, John",667463,"STL","SI","Sinker",1.3,7,"505",58.9,"145","0.281","0.344","0.299",12.5,13.8,18,"0.259","0.346","0.307",39.5
"Brown, Hunter",686613,"HOU","SI","Sinker",1.5,8,"518",17.9,"145","0.267","0.305","0.297",14.8,15.2,18.5,"0.241","0.314","0.287",11.9
"Lorenzen, Michael",547179,"KC","SI","Sinker",-0.3,-1,"445",21.3,"144","0.289","0.438","0.364",6.2,16,18,"0.306","0.47","0.369",45.3
"Crawford, Kutter",676710,"BOS","ST","Sweeper",-0.8,-4,"522",18.5,"144","0.222","0.437","0.305",26.3,20.8,16,"0.215","0.419","0.296",33.3
"Bibee, Tanner",676440,"CLE","CH","Changeup",0.9,5,"512",18,"144","0.238","0.431","0.319",29.1,33.3,24.9,"0.229","0.371","0.296",25.3
"Stone, Gavin",694813,"LAD","FF","4-Seam Fastball",0.5,3,"554",25.7,"144","0.242","0.427","0.343",17.4,25,25,"0.237","0.401","0.332",43.2
"Fedde, Erick",607200,"STL","ST","Sweeper",1.2,7,"583",20.2,"144","0.165","0.309","0.224",25.1,20.8,14.2,"0.195","0.343","0.247",25.7
"Martinez, Nick",607259,"CIN","CH","Changeup",1.5,7,"460",21.6,"144","0.186","0.286","0.217",41.6,32.6,22.8,"0.184","0.243","0.2",17.2
"Criswell, Cooper",681867,"BOS","CH","Changeup",0.7,3,"459",26.1,"143","0.256","0.338","0.287",17.1,11.2,9.8,"0.257","0.36","0.292",38.7
"Heaney, Andrew",571760,"TEX","CH","Changeup",0.8,4,"462",16.9,"143","0.239","0.384","0.283",24.3,13.3,15,"0.271","0.414","0.307",31.4
"Fernandez, Ryan",681676,"STL","SL","Slider",1.5,9,"573",48.1,"143","0.182","0.295","0.244",41,36.4,21.6,"0.162","0.224","0.213",23.5
"Pearson, Nate",663878,"CHC","FF","4-Seam Fastball",-0.9,-5,"486",45.9,"143","0.306","0.508","0.392",20.5,18.9,21.4,"0.251","0.474","0.356",47.5
"Wacha, Michael",608379,"KC","SI","Sinker",0.6,2,"403",15.5,"143","0.244","0.293","0.298",10.1,16.8,17,"0.273","0.402","0.336",35.3
"Richards, Trevor",670950,"MIN","FF","4-Seam Fastball",-0.1,0,"549",46.4,"143","0.234","0.342","0.345",14.8,19.6,16.6,"0.251","0.429","0.377",52.3
"Nicolas, Kyle",693312,"PIT","FF","4-Seam Fastball",1.2,6,"523",55.1,"142","0.23","0.327","0.321",19.3,16.2,18.7,"0.239","0.395","0.355",47.3
"Walker, Ryan",676254,"SF","SL","Slider",2.3,12,"546",44.7,"142","0.157","0.269","0.206",38,38.7,26.6,"0.173","0.274","0.217",21.3
"Yamamoto, Yoshinobu",808967,"LAD","FF","4-Seam Fastball",0.8,5,"595",40.5,"142","0.266","0.419","0.34",17.6,18.3,17.9,"0.278","0.446","0.361",45.5
"Megill, Trevor",656730,"MIL","FF","4-Seam Fastball",2.5,12,"478",71.6,"142","0.209","0.279","0.263",22.2,22.5,24.1,"0.217","0.345","0.283",44.4
"Weaver, Luke",596133,"NYY","FF","4-Seam Fastball",1.2,8,"664",48.3,"142","0.177","0.331","0.272",30,32.4,21.9,"0.193","0.395","0.304",49.4
"Glasnow, Tyler",607192,"LAD","SL","Slider",0.8,5,"557",27.7,"141","0.2","0.333","0.253",40.4,33.3,30.3,"0.213","0.326","0.258",37.5
"Mayza, Tim",641835,"NYY","SI","Sinker",-0.7,-4,"524",71.7,"141","0.32","0.508","0.388",16.5,13.5,15.8,"0.3","0.474","0.357",39.3
"Stanek, Ryne",592773,"NYM","FF","4-Seam Fastball",-0.2,-1,"579",59.3,"141","0.231","0.397","0.337",27.9,22.7,17.9,"0.199","0.387","0.308",42.2
"Burnes, Corbin",669203,"BAL","CU","Curveball",0.6,4,"645",21.5,"140","0.2","0.326","0.241",37.8,35,25.8,"0.204","0.351","0.247",30.7
"Freeland, Kyle",607536,"COL","SI","Sinker",-0.9,-4,"447",25.3,"140","0.307","0.551","0.403",8.2,12.1,14.9,"0.29","0.481","0.363",42.3
"Stone, Gavin",694813,"LAD","CH","Changeup",1.1,6,"573",26.6,"140","0.178","0.356","0.235",37.2,26.4,16.7,"0.229","0.389","0.273",30
"Arrighetti, Spencer",681293,"HOU","FC","Cutter",0.8,4,"491",19.6,"140","0.248","0.444","0.368",22.8,16.4,24,"0.235","0.423","0.35",37.2
"Barnes, Jacob",606930,"WSH","FC","Cutter",0.3,2,"549",49.1,"139","0.269","0.408","0.322",29.6,19.4,18.8,"0.276","0.403","0.313",31.4
"Abreu, Bryan",650556,"HOU","FF","4-Seam Fastball",0,0,"602",46.3,"139","0.256","0.471","0.363",28.4,24.5,23.9,"0.236","0.434","0.335",46.6
"Detmers, Reid",672282,"LAA","FF","4-Seam Fastball",-0.7,-5,"662",42.5,"139","0.273","0.479","0.376",25,22.3,18.6,"0.236","0.449","0.344",40
"Berríos, José",621244,"TOR","CH","Changeup",0.3,1,"465",16,"138","0.171","0.364","0.257",26.9,18.1,15.8,"0.239","0.393","0.3",33.7
"Ober, Bailey",641927,"MIN","SL","Slider",-1.2,-7,"523",19.4,"138","0.276","0.504","0.355",22.7,15.9,19.5,"0.256","0.438","0.323",36.8
"Snell, Blake",605483,"SF","CU","Curveball",2.1,10,"462",26.1,"138","0.111","0.183","0.182",49.8,50.7,29.9,"0.125","0.17","0.177",25
"Kremer, Dean",665152,"BAL","FC","Cutter",-0.5,-3,"500",23,"138","0.25","0.355","0.311",23.7,13,15.4,"0.279","0.479","0.364",38.2
"Fried, Max",608331,"ATL","CU","Curveball",0.9,5,"580",21,"138","0.154","0.285","0.211",37.1,41.3,30.6,"0.18","0.32","0.238",39.2
"Yarbrough, Ryan",642232,"TOR","SI","Sinker",2.9,13,"435",28.7,"138","0.226","0.331","0.29",7.1,6.5,11.7,"0.293","0.443","0.352",41
"Estévez, Carlos",608032,"PHI","FF","4-Seam Fastball",1.2,6,"502",61.1,"137","0.198","0.313","0.248",23,24.1,17.9,"0.235","0.45","0.309",45.9
"Schmidt, Clarke",657376,"NYY","FC","Cutter",0.7,3,"509",35,"137","0.256","0.38","0.321",32.2,26.3,22.6,"0.236","0.361","0.299",34.5
"Ureña, José",570632,"TEX","SL","Slider",-0.1,-1,"601",34.1,"137","0.242","0.363","0.299",33.1,27.7,21.8,"0.211","0.304","0.262",25
"Fried, Max",608331,"ATL","SI","Sinker",0.6,3,"458",16.6,"136","0.27","0.336","0.318",14.6,16.2,16.5,"0.297","0.389","0.34",46
"Kittredge, Andrew",552640,"STL","SL","Slider",0.5,2,"508",49.4,"136","0.177","0.392","0.258",41.3,35.3,24.2,"0.213","0.389","0.277",43.9
"Wilson, Bryse",669060,"MIL","FC","Cutter",1.8,10,"573",34.9,"136","0.23","0.361","0.299",26.3,15.4,22.1,"0.269","0.492","0.355",42.7
"Rodriguez, Grayson",680570,"BAL","CH","Changeup",2.1,8,"395",21,"136","0.161","0.306","0.249",34.8,32.4,25.1,"0.173","0.303","0.247",35
"Gomber, Austin",596295,"COL","CH","Changeup",0,0,"538",20.5,"136","0.28","0.409","0.301",27.3,8.8,9.8,"0.284","0.435","0.318",32.2
"Cruz, Fernando",518585,"CIN","FS","Split-Finger",1.6,8,"477",41.9,"135","0.116","0.149","0.172",59.3,65.2,32.5,"0.097","0.119","0.159",23.5
"Martinez, Justin",679885,"AZ","SI","Sinker",0,0,"526",44.7,"135","0.33","0.4","0.367",20.4,10.4,18.7,"0.278","0.355","0.342",34
"Lorenzen, Michael",547179,"KC","FF","4-Seam Fastball",0.8,5,"566",27.1,"135","0.156","0.312","0.289",18.4,23,17.8,"0.211","0.408","0.342",48.1
"Severino, Luis",622663,"NYM","ST","Sweeper",0.5,2,"496",17.2,"135","0.139","0.238","0.216",38.6,44.4,24.3,"0.151","0.242","0.218",25.4
"Kerkering, Orion",689147,"PHI","ST","Sweeper",0.5,3,"605",55.7,"135","0.226","0.306","0.275",31.1,27.4,18.8,"0.242","0.373","0.292",29.2
"Spiers, Carson",686730,"CIN","FF","4-Seam Fastball",-0.7,-3,"463",29.8,"135","0.25","0.431","0.361",20.6,23.7,19.2,"0.219","0.38","0.319",42.9
"Avila, Pedro",658648,"CLE","FF","4-Seam Fastball",0.6,3,"553",39,"135","0.261","0.435","0.343",18.6,20,18.9,"0.276","0.459","0.36",47.8
"Law, Derek",571882,"WSH","SL","Slider",2.6,11,"411",30,"135","0.157","0.22","0.181",40.4,36.3,25.9,"0.196","0.276","0.229",30.9
"Gray, Sonny",543243,"STL","FF","4-Seam Fastball",-0.9,-5,"591",23.8,"134","0.331","0.562","0.407",18.4,9.7,21.7,"0.315","0.536","0.394",35.8
"Gil, Luis",661563,"NYY","CH","Changeup",0.5,3,"675",25.3,"134","0.179","0.282","0.269",26.9,20.1,17.4,"0.225","0.361","0.31",33.3
"Peguero, Elvis",665625,"MIL","SI","Sinker",-1.7,-7,"409",49.3,"134","0.299","0.385","0.378",13.2,14.2,20.4,"0.285","0.427","0.353",42.4
"Richards, Trevor",670950,"MIN","CH","Changeup",-0.4,-2,"633",53.6,"134","0.146","0.276","0.231",32,25.4,15.9,"0.163","0.248","0.214",24.2
"Jiménez, Joe",641729,"ATL","SL","Slider",1.3,7,"540",49.6,"133","0.15","0.233","0.218",39.6,34.6,24.5,"0.166","0.245","0.228",24
"Brebbia, John",605154,"ATL","SL","Slider",-3.4,-18,"515",51.8,"133","0.322","0.587","0.421",25.5,18.8,15,"0.305","0.502","0.377",30.2
"Bassitt, Chris",605135,"TOR","FC","Cutter",0.7,4,"583",19.7,"133","0.188","0.316","0.27",26.8,32.3,18.1,"0.19","0.351","0.279",35.5
"Detmers, Reid",672282,"LAA","SL","Slider",0,0,"381",24.4,"133","0.218","0.387","0.299",37.1,41.4,25.5,"0.176","0.307","0.253",36.9
"Nardi, Andrew",677053,"MIA","FF","4-Seam Fastball",-0.7,-4,"551",60.8,"133","0.224","0.379","0.315",29.5,33.8,24.7,"0.193","0.302","0.27",40.3
"Weathers, Ryan",677960,"MIA","FF","4-Seam Fastball",0.3,2,"555",39.3,"133","0.313","0.443","0.384",14,10.5,8.1,"0.294","0.464","0.372",38.8
"Boyle, Joe",671212,"OAK","FF","4-Seam Fastball",-1.5,-9,"570",59,"133","0.27","0.39","0.395",25.3,18.8,21.7,"0.256","0.407","0.381",46.8
"Rogers, Taylor",573124,"SF","SI","Sinker",0.7,4,"571",52.8,"133","0.195","0.319","0.294",13.6,26.3,18.4,"0.21","0.313","0.295",45.6
"Smyly, Drew",592767,"CHC","CU","Curveball",0.6,3,"494",48.6,"133","0.22","0.374","0.289",33.3,36.8,22.7,"0.19","0.3","0.247",36.5
"Montas, Frankie",593423,"MIL","SI","Sinker",1.4,7,"509",19.3,"132","0.243","0.4","0.33",12,11.4,15.6,"0.252","0.433","0.343",39.6
"García, Luis",472610,"BOS","SI","Sinker",-0.7,-3,"473",52.7,"132","0.26","0.447","0.342",11.3,9.1,17.1,"0.249","0.405","0.311",42.3
"Anderson, Tyler",542881,"LAA","FC","Cutter",-0.4,-2,"540",18.5,"132","0.264","0.455","0.341",24.7,12.1,12,"0.256","0.431","0.323",32.1
"Kahnle, Tommy",592454,"NYY","CH","Changeup",1.8,10,"548",73.1,"132","0.157","0.264","0.239",38.9,28.8,21.8,"0.173","0.265","0.234",25.3
"Schwellenbach, Spencer",680885,"ATL","FF","4-Seam Fastball",0.2,1,"544",28.8,"132","0.24","0.448","0.316",20.3,25.8,19.3,"0.273","0.452","0.329",47.8
"Estrada, Jeremiah",669093,"SD","FF","4-Seam Fastball",1,6,"566",56.4,"132","0.191","0.304","0.265",32.6,31.1,24.3,"0.197","0.311","0.278",39.5
"Rea, Colin",607067,"MIL","FC","Cutter",-0.2,-1,"515",19.4,"132","0.287","0.656","0.423",16.8,10.6,20.9,"0.308","0.599","0.411",46.3
"Nelson, Ryne",669194,"AZ","FC","Cutter",-0.4,-2,"442",18.4,"131","0.317","0.508","0.363",15.4,10.7,13.6,"0.307","0.437","0.335",35.1
"Gaddis, Hunter",683769,"CLE","SL","Slider",2,10,"482",44.8,"131","0.163","0.244","0.209",30.7,23.7,22.5,"0.211","0.336","0.26",37.6
"Green, Chad",643338,"TOR","FF","4-Seam Fastball",2.4,12,"502",59.8,"131","0.198","0.364","0.258",18.1,19.1,15.3,"0.25","0.475","0.322",50.5
"Strahm, Matt",621381,"PHI","FF","4-Seam Fastball",2.9,15,"508",51.8,"131","0.153","0.282","0.196",26.7,42,22.8,"0.185","0.335","0.23",44.4
"Shuster, Jared",694363,"CWS","FF","4-Seam Fastball",0,0,"495",38.4,"131","0.27","0.478","0.371",16.3,19.1,19.7,"0.262","0.481","0.353",41.3
"Harvey, Hunter",640451,"KC","FF","4-Seam Fastball",1.3,8,"570",62.9,"130","0.254","0.404","0.337",22.7,24.6,16.3,"0.274","0.439","0.35",53
"Tonkin, Michael",543859,"MIN","SL","Slider",-0.5,-2,"506",35.7,"130","0.22","0.301","0.245",26.6,28.5,14.1,"0.216","0.308","0.238",36
"Helsley, Ryan",664854,"STL","SL","Slider",2.9,13,"450",48.3,"130","0.171","0.195","0.193",51,43.8,34.8,"0.194","0.227","0.206",16.4
"Quintana, Jose",500779,"NYM","FF","4-Seam Fastball",-0.3,-2,"632",22.4,"130","0.229","0.431","0.337",16.9,13.1,9.7,"0.232","0.431","0.344",36.2
"Quintana, Jose",500779,"NYM","CH","Changeup",-0.1,0,"544",19.3,"130","0.203","0.26","0.237",36.7,25.4,15.9,"0.227","0.296","0.252",26.7
"Abbott, Andrew",671096,"CIN","ST","Sweeper",1.7,7,"428",18.3,"130","0.189","0.307","0.226",28.7,29.2,17.4,"0.16","0.233","0.181",13.5
"Flaherty, Jack",656427,"LAD","CU","Curveball",2.1,12,"560",21.2,"130","0.164","0.219","0.175",43.6,40,27.1,"0.208","0.262","0.214",25
"Garcia, Robert",676395,"WSH","FF","4-Seam Fastball",-0.7,-4,"499",52.7,"130","0.256","0.376","0.314",24.9,32.3,26.4,"0.21","0.316","0.27",40.8
"Kikuchi, Yusei",579328,"HOU","CU","Curveball",0.1,1,"523",17.9,"129","0.27","0.405","0.308",27.4,25.6,22.9,"0.232","0.378","0.27",45.2
"Woo, Bryan",693433,"SEA","SI","Sinker",1.7,7,"394",23,"129","0.242","0.323","0.279",9.7,11.6,15.6,"0.247","0.342","0.274",38.5
"Zerpa, Angel",672582,"KC","SI","Sinker",-0.6,-2,"398",41.9,"129","0.265","0.35","0.344",11.3,24,21.1,"0.245","0.346","0.295",46
"Gibson, Kyle",502043,"STL","FC","Cutter",-0.4,-2,"583",21.1,"129","0.299","0.479","0.383",18.1,7,17.6,"0.292","0.475","0.363",38.5
"Assad, Javier",665871,"CHC","FC","Cutter",0.4,2,"547",21.6,"129","0.315","0.583","0.418",14.2,7.8,14.1,"0.327","0.569","0.424",42.2
"Parker, Mitchell",680730,"WSH","FS","Split-Finger",-1.1,-5,"458",19.1,"129","0.233","0.4","0.311",37.2,27.1,22.3,"0.249","0.389","0.302",33.7
"Barnes, Jacob",606930,"WSH","FF","4-Seam Fastball",-0.5,-3,"527",47.2,"129","0.267","0.5","0.379",19.6,18.6,13.6,"0.281","0.544","0.375",52.1
"Miller, Shelby",571946,"DET","FF","4-Seam Fastball",1.8,9,"515",60.6,"128","0.183","0.33","0.273",23.7,23.4,21,"0.201","0.349","0.303",43.9
"Waldron, Matt",663362,"SD","FF","4-Seam Fastball",-1.8,-8,"452",18.4,"128","0.265","0.521","0.36",20.4,26.6,19.8,"0.247","0.454","0.329",45.2
"Eflin, Zach",621107,"BAL","CU","Curveball",-1.8,-8,"461",18.8,"128","0.291","0.472","0.326",33.3,28.1,18.9,"0.256","0.427","0.293",20.7
"Scott, Tanner",656945,"SD","SL","Slider",0.8,4,"473",40.7,"128","0.231","0.316","0.286",38.8,28.9,25,"0.22","0.334","0.275",25.9
"Knack, Landon",689017,"LAD","FF","4-Seam Fastball",0.8,4,"532",46.3,"128","0.228","0.526","0.363",20.3,25.8,23.6,"0.203","0.48","0.331",53.1
"Wentz, Joey",666214,"PIT","FF","4-Seam Fastball",-0.4,-2,"447",36.5,"128","0.316","0.469","0.415",17.5,16.4,16.7,"0.268","0.444","0.38",45.1
"Brown, Ben",676962,"CHC","FF","4-Seam Fastball",0.4,2,"532",62.7,"128","0.25","0.352","0.31",18.5,15.6,16.7,"0.296","0.511","0.402",56.5
"Chavez, Jesse",445926,"ATL","FC","Cutter",1.6,8,"533",51.1,"128","0.224","0.353","0.292",18.5,21.9,19.7,"0.245","0.406","0.312",34.4
"Puk, A.J.",640462,"AZ","FF","4-Seam Fastball",1.8,9,"506",43.1,"128","0.145","0.197","0.203",31.7,35.9,23.7,"0.147","0.2","0.197",31
"Maeda, Kenta",628317,"DET","SL","Slider",-1.6,-7,"450",23,"128","0.31","0.569","0.398",26.8,14.1,14.5,"0.243","0.415","0.316",27.3
"Arrighetti, Spencer",681293,"HOU","CU","Curveball",1,5,"498",19.9,"127","0.171","0.282","0.228",42.4,45.7,32,"0.156","0.238","0.207",25
"Lugo, Seth",607625,"KC","CU","Curveball",1.9,9,"502",16.1,"127","0.178","0.271","0.231",33.9,39.4,28.2,"0.193","0.298","0.24",39.1
"Jackson, Luke",592426,"ATL","SL","Slider",-0.9,-4,"476",51.9,"126","0.257","0.416","0.35",32.2,23.8,18.8,"0.25","0.419","0.326",38.1
"Harrison, Kyle",690986,"SF","CH","Changeup",-1.4,-6,"410",19.7,"126","0.287","0.435","0.328",21.5,11.9,13.9,"0.287","0.45","0.357",34.3
"Civale, Aaron",650644,"MIL","ST","Sweeper",0,0,"401",14.9,"126","0.267","0.467","0.34",27.2,19.8,15.9,"0.237","0.396","0.288",31.3
"Martinez, Nick",607259,"CIN","FF","4-Seam Fastball",0.2,1,"477",22.4,"126","0.219","0.351","0.294",21,23,14.4,"0.22","0.355","0.273",34.8
"Alexander, Tyler",641302,"TB","FC","Cutter",-1.2,-6,"530",31.8,"126","0.265","0.549","0.368",21.6,15.9,17.7,"0.26","0.513","0.362",32.3
"Jiménez, Joe",641729,"ATL","FF","4-Seam Fastball",1.7,8,"503",46.2,"126","0.216","0.261","0.271",26.8,25.4,21.2,"0.2","0.321","0.278",45
"Gomber, Austin",596295,"COL","SL","Slider",0.2,1,"437",16.7,"125","0.274","0.513","0.351",22,17.6,16.5,"0.285","0.504","0.358",40.6
"Valdez, Framber",664285,"HOU","CH","Changeup",-0.2,-1,"454",17.5,"125","0.226","0.278","0.276",35.4,22.4,20.1,"0.233","0.278","0.259",35.2
"Schwellenbach, Spencer",680885,"ATL","SL","Slider",0.5,2,"377",20,"125","0.225","0.333","0.269",28.2,32,21.6,"0.226","0.313","0.248",37
"Martinez, Nick",607259,"CIN","FC","Cutter",0.4,2,"431",20.3,"124","0.281","0.43","0.324",12,11.3,20,"0.273","0.407","0.295",35.8
"Fedde, Erick",607200,"STL","CH","Changeup",-0.4,-2,"474",16.4,"124","0.228","0.351","0.28",16.5,19.4,14.4,"0.237","0.348","0.284",33
"Díaz, Alexis",664747,"CIN","FF","4-Seam Fastball",-0.3,-2,"566",57.9,"124","0.196","0.283","0.336",23.7,17.7,15.8,"0.179","0.275","0.319",35.2
"Hjelle, Sean",663546,"SF","CU","Curveball",-0.6,-2,"416",34.4,"124","0.2","0.348","0.262",38,37.1,25.1,"0.213","0.339","0.267",38.6
"Molina, Anthony",683627,"COL","FF","4-Seam Fastball",-1.9,-10,"506",48.3,"124","0.374","0.561","0.442",15.6,12.9,10.8,"0.372","0.565","0.446",54.3
"Law, Derek",571882,"WSH","FC","Cutter",0.1,0,"518",37.9,"124","0.306","0.407","0.378",27.1,9.7,15.2,"0.295","0.377","0.342",34
"Winckowski, Josh",670174,"BOS","SI","Sinker",-1.3,-6,"416",33.5,"124","0.306","0.454","0.387",17.7,18.5,24.7,"0.267","0.454","0.349",40.9
"Wesneski, Hayden",669713,"CHC","FF","4-Seam Fastball",-1,-4,"387",36,"123","0.257","0.469","0.369",14.4,13.8,12.8,"0.292","0.547","0.386",40.6
"Brown, Hunter",686613,"HOU","FC","Cutter",0.4,2,"484",16.8,"123","0.23","0.363","0.298",21.6,18.7,16.8,"0.249","0.364","0.301",31.1
"McFarland, T.J.",519008,"OAK","SI","Sinker",1.6,6,"410",49,"123","0.278","0.383","0.314",11.2,11.4,14.6,"0.261","0.358","0.289",43.7
"Díaz, Edwin",621242,"NYM","SL","Slider",0.5,2,"437",47.9,"123","0.186","0.345","0.278",39.4,36.6,25.6,"0.161","0.263","0.225",25
"Estes, Joey",683155,"OAK","ST","Sweeper",0.1,0,"396",19.5,"123","0.217","0.367","0.262",21.6,25.2,17.6,"0.164","0.268","0.198",20
"Lee, Dylan",669276,"ATL","SL","Slider",1.7,8,"470",54.7,"123","0.19","0.336","0.252",45.6,40.7,32.9,"0.169","0.271","0.212",26.9
"Montero, Keider",672456,"DET","SL","Slider",-0.5,-2,"435",28.3,"122","0.235","0.391","0.3",25.9,25.4,21.4,"0.231","0.384","0.289",35.7
"Miller, Erik",669062,"SF","FF","4-Seam Fastball",0.9,6,"629",49.6,"122","0.186","0.314","0.294",29.3,31.1,20.3,"0.184","0.293","0.286",50
"Ryan, Joe",657746,"MIN","FS","Split-Finger",0.2,1,"468",22.2,"122","0.202","0.387","0.26",25.8,23.8,15.2,"0.215","0.354","0.256",41.1
"Cano, Yennier",666974,"BAL","SI","Sinker",0.2,1,"512",50.8,"122","0.28","0.411","0.349",21.3,17.2,20.6,"0.249","0.4","0.332",47.7
"Peralta, Freddy",642547,"MIL","CH","Changeup",1.2,6,"536",17.5,"122","0.218","0.291","0.277",36.9,20.5,19.7,"0.245","0.333","0.296",35.3
"Neris, Héctor",593576,"HOU","FF","4-Seam Fastball",1.8,9,"485",48.1,"122","0.226","0.415","0.313",19.9,24.6,24,"0.235","0.438","0.327",50.6
"Povich, Cade",700249,"BAL","FF","4-Seam Fastball",0.5,3,"566",40.7,"122","0.221","0.375","0.315",18.4,13.1,10.4,"0.213","0.389","0.319",36
"Cronin, Declan",686539,"MIA","SI","Sinker",-0.8,-4,"445",40.6,"121","0.34","0.437","0.412",15.9,12.4,19.7,"0.276","0.381","0.348",52.3
"Suárez, Albert",544150,"BAL","CH","Changeup",-0.3,-1,"385",17.2,"121","0.274","0.434","0.344",22.8,18.2,17.1,"0.247","0.425","0.335",33.7
"Bradley, Taj",671737,"TB","FC","Cutter",0.5,3,"516",22.5,"121","0.205","0.357","0.253",32.4,28.1,27.4,"0.203","0.36","0.27",36.6
"Scott, Tayler",605463,"HOU","FF","4-Seam Fastball",1.7,10,"580",48.2,"121","0.147","0.304","0.258",28.6,31.4,21.7,"0.17","0.283","0.264",43.9
"Peterson, David",656849,"NYM","FF","4-Seam Fastball",0.5,3,"472",25.2,"121","0.224","0.271","0.276",29.3,28.1,21.4,"0.244","0.369","0.315",35.1
"Feltner, Ryan",663372,"COL","SL","Slider",-1.3,-7,"527",20.4,"120","0.355","0.523","0.42",22.6,11.7,14,"0.303","0.474","0.361",42.7
"Ross, Joe",605452,"MIL","SI","Sinker",1.4,6,"441",36.8,"120","0.241","0.333","0.303",15.7,16.7,23.8,"0.238","0.367","0.304",40.9
"Taillon, Jameson",592791,"CHC","ST","Sweeper",0.6,2,"385",15.5,"120","0.183","0.296","0.223",31.7,28.3,18.8,"0.2","0.303","0.233",26.2
"Irvin, Cole",608344,"MIN","FF","4-Seam Fastball",-0.9,-4,"480",27.2,"120","0.286","0.571","0.397",15.7,16.7,17.2,"0.307","0.604","0.419",57
"Suter, Brent",608718,"CIN","FF","4-Seam Fastball",0.5,2,"442",43.2,"119","0.27","0.396","0.318",17,17.6,17.2,"0.261","0.394","0.307",31.9
"Parker, Mitchell",680730,"WSH","CU","Curveball",1.3,7,"542",22.5,"119","0.252","0.36","0.305",26.3,21.8,20,"0.233","0.38","0.293",37.6
"Hudson, Bryan",663542,"MIL","FF","4-Seam Fastball",3.1,15,"483",52.1,"119","0.15","0.28","0.228",18,22.7,17.4,"0.2","0.329","0.272",33.3
"Myers, Tobias",668964,"MIL","FC","Cutter",-0.8,-4,"494",23,"119","0.336","0.518","0.391",12.3,6.7,10.8,"0.35","0.565","0.404",40.6
"Olson, Reese",681857,"DET","FF","4-Seam Fastball",0.1,0,"442",23.9,"119","0.282","0.398","0.332",10.1,15.1,13.7,"0.292","0.46","0.361",47.7
"Smith, Burch",572143,"BAL","FF","4-Seam Fastball",1.1,5,"448",50,"119","0.224","0.355","0.293",23,31.1,22.7,"0.236","0.401","0.311",50
"Weems, Jordan",607179,"WSH","FF","4-Seam Fastball",-1.2,-5,"451",61.5,"118","0.27","0.41","0.356",17,14.4,15.7,"0.262","0.41","0.351",45.8
"Hudson, Daniel",543339,"LAD","FF","4-Seam Fastball",0.4,2,"502",50.3,"118","0.231","0.426","0.322",26.3,19.5,16.1,"0.259","0.504","0.355",60
"Sánchez, Cristopher",650911,"PHI","SL","Slider",0.8,4,"472",16.9,"118","0.219","0.368","0.278",30.8,25.4,20,"0.236","0.364","0.27",30.6
"Suárez, Ranger",624133,"PHI","CU","Curveball",0.5,2,"483",20.5,"118","0.189","0.342","0.254",33.9,33.1,21.7,"0.213","0.364","0.274",25
"Littell, Zack",641793,"TB","FF","4-Seam Fastball",0.3,2,"552",22.2,"118","0.266","0.376","0.323",19,23.7,14,"0.261","0.418","0.319",46.3
"Muñoz, Andrés",662253,"SEA","SL","Slider",2.3,10,"448",47.1,"117","0.138","0.239","0.199",48.5,41.9,29.2,"0.158","0.291","0.228",32.8
"Grove, Michael",675627,"LAD","SL","Slider",1.2,5,"439",53.1,"117","0.204","0.292","0.226",32.1,30.8,23.4,"0.185","0.316","0.229",28.2
"Stroman, Marcus",573186,"NYY","FC","Cutter",0.4,2,"485",18.2,"117","0.296","0.519","0.376",18.7,12.8,13.2,"0.293","0.467","0.35",41.5
"Pérez, Martín",527048,"SD","FC","Cutter",-0.3,-2,"487",22.1,"117","0.28","0.57","0.387",21.2,24.8,24,"0.271","0.533","0.371",46.2
"Sale, Chris",519242,"ATL","CH","Changeup",2.1,9,"414",14.7,"117","0.159","0.195","0.17",23.6,17.1,14.6,"0.209","0.298","0.237",23.7
"Díaz, Alexis",664747,"CIN","SL","Slider",0.3,1,"411",42.1,"117","0.214","0.384","0.291",29.8,28.2,20.1,"0.228","0.373","0.277",40.5
"Bernardino, Brennan",657514,"BOS","SI","Sinker",0.5,2,"401",46.6,"117","0.29","0.47","0.381",17,23.9,22.4,"0.244","0.385","0.33",37
"Gore, MacKenzie",669022,"WSH","SL","Slider",0.5,2,"427",14.3,"116","0.255","0.422","0.33",32.3,25.9,18.5,"0.271","0.386","0.333",37.8
"Yarbrough, Ryan",642232,"TOR","CU","Curveball",1.7,7,"416",27.5,"116","0.114","0.219","0.188",34.6,31,17.9,"0.157","0.276","0.233",17.1
"Rodríguez, Yariel",684320,"TOR","FF","4-Seam Fastball",-0.7,-4,"615",40.9,"116","0.245","0.418","0.35",22.4,13.8,15.8,"0.233","0.371","0.329",35.4
"Carrasco, Carlos",471911,"CLE","CH","Changeup",-1.4,-5,"394",23.3,"116","0.241","0.472","0.347",28.2,25,17.4,"0.229","0.402","0.3",45.6
"Liberatore, Matthew",669461,"STL","SL","Slider",1.1,4,"374",27.5,"116","0.185","0.25","0.232",38.4,29.3,21.5,"0.214","0.291","0.253",32.4
"Helsley, Ryan",664854,"STL","FF","4-Seam Fastball",0.9,4,"423",45.4,"116","0.276","0.367","0.325",18.4,10.3,12.9,"0.259","0.419","0.34",50
"Rogers, Taylor",573124,"SF","ST","Sweeper",0.7,4,"511",47.2,"116","0.279","0.477","0.347",31.6,25,16.9,"0.221","0.359","0.269",20.7
"Contreras, Roansy",672710,"LAA","FF","4-Seam Fastball",0.5,2,"401",37.3,"115","0.233","0.35","0.292",16.2,20,21.3,"0.28","0.48","0.362",53.1
"Paddack, Chris",663978,"MIN","CH","Changeup",-0.6,-2,"378",25.9,"115","0.283","0.519","0.363",24.8,14.8,15,"0.291","0.565","0.385",37.8
"Chafin, Andrew",605177,"TEX","SL","Slider",1.4,6,"443",45.8,"115","0.127","0.186","0.189",54.7,48.7,28.1,"0.154","0.243","0.223",30.6
"Cabrera, Edward",665795,"MIA","FF","4-Seam Fastball",-1.7,-8,"471",27.2,"115","0.303","0.517","0.431",16.3,17.4,15.7,"0.297","0.545","0.428",60
"Miller, Tyson",668338,"CHC","ST","Sweeper",2.2,9,"409",43.8,"115","0.148","0.278","0.218",26.2,17.4,15.4,"0.205","0.367","0.262",26.7
"Sandoval, Patrick",663776,"LAA","CH","Changeup",0.1,1,"409",28.3,"115","0.208","0.292","0.264",39,31.3,21.8,"0.217","0.286","0.251",19.7
"Miller, Erik",669062,"SF","CH","Changeup",-0.1,0,"430",33.9,"114","0.21","0.35","0.297",30.2,25.4,19.9,"0.202","0.307","0.276",37.5
"Hoeing, Bryan",663773,"SD","SI","Sinker",1.3,5,"404",51.7,"114","0.275","0.373","0.342",10.1,7.9,13.4,"0.332","0.542","0.41",51.6
"Walker, Taijuan",592836,"PHI","SI","Sinker",-2.9,-11,"388",27,"114","0.371","0.67","0.482",8.3,17.5,24.1,"0.327","0.608","0.442",45.5
"Lynn, Lance",458681,"STL","FC","Cutter",-2.1,-10,"454",22.3,"114","0.317","0.426","0.368",26.2,20.2,15.6,"0.28","0.426","0.342",38
"Soroka, Michael",647336,"CWS","SL","Slider",0.8,4,"527",36.5,"113","0.168","0.317","0.26",41.7,44.2,25.4,"0.16","0.26","0.23",36.5
"King, Michael",650633,"SD","ST","Sweeper",0.1,1,"514",17.8,"113","0.206","0.304","0.279",34.5,32.7,24.3,"0.223","0.369","0.294",25.8
"Williams, Trevor",592866,"WSH","FF","4-Seam Fastball",3,11,"383",36,"113","0.202","0.279","0.238",17.2,24.8,21.1,"0.195","0.321","0.26",44.9
"Rea, Colin",607067,"MIL","ST","Sweeper",0.5,2,"455",17.2,"113","0.159","0.234","0.194",22.7,26.5,17.1,"0.18","0.274","0.219",25.3
"Fulmer, Carson",608334,"LAA","CH","Changeup",0.3,1,"397",27,"113","0.228","0.347","0.31",36.7,25.7,18.6,"0.218","0.286","0.266",27.4
"Mize, Casey",663554,"DET","SL","Slider",-0.7,-4,"496",27.7,"112","0.271","0.5","0.395",21.8,14.3,9.6,"0.278","0.408","0.344",41.5
"Smyly, Drew",592767,"CHC","SI","Sinker",-0.6,-3,"485",47.7,"112","0.287","0.479","0.388",16.1,6.3,6.8,"0.29","0.462","0.372",40
"Berríos, José",621244,"TOR","FF","4-Seam Fastball",-0.6,-3,"543",18.6,"112","0.265","0.48","0.369",19.7,17.9,15,"0.287","0.523","0.386",44.3
"Ferguson, Caleb",657571,"HOU","FF","4-Seam Fastball",-1.9,-8,"408",43.4,"112","0.32","0.598","0.438",21.6,24.1,22.7,"0.286","0.522","0.39",54.3
"Hudson, Daniel",543339,"LAD","SL","Slider",0.5,2,"409",40.9,"112","0.135","0.279","0.243",42.9,35.7,27.4,"0.151","0.303","0.229",37.5
"Weathers, Ryan",677960,"MIA","CH","Changeup",1.2,5,"367",26,"112","0.193","0.367","0.243",37.9,31.3,26.1,"0.2","0.357","0.245",36
"Olson, Reese",681857,"DET","SL","Slider",1.6,8,"515",27.8,"112","0.143","0.194","0.24",45.5,29.5,22.4,"0.189","0.285","0.267",33.8
"Matsui, Yuki",673513,"SD","FF","4-Seam Fastball",0.6,3,"431",41.1,"112","0.223","0.447","0.337",19.1,17,16.7,"0.234","0.405","0.329",40.3
"Cannon, Jonathan",686563,"CWS","CH","Changeup",-0.8,-3,"379",18.7,"112","0.248","0.394","0.287",26.9,18.8,15.7,"0.261","0.373","0.286",28.4
"Miller, Bobby",676272,"LAD","FF","4-Seam Fastball",-3,-11,"381",36.2,"111","0.348","0.663","0.483",17.8,12.6,16.9,"0.342","0.673","0.477",53.8
"Avila, Pedro",658648,"CLE","CH","Changeup",1.4,4,"312",22,"111","0.19","0.3","0.264",35.4,31.5,23.8,"0.243","0.378","0.307",39.4
"Olson, Reese",681857,"DET","SI","Sinker",1.6,6,"371",20,"111","0.28","0.374","0.29",7.6,9,13.3,"0.285","0.369","0.289",45.5
"Carrasco, Carlos",471911,"CLE","SL","Slider",-0.8,-3,"411",24.3,"111","0.284","0.52","0.391",28.8,27.9,25.8,"0.227","0.41","0.302",34.7
"Thielbar, Caleb",573204,"MIN","FF","4-Seam Fastball",-0.9,-3,"385",43.4,"111","0.32","0.495","0.382",17.9,19.8,15.3,"0.273","0.479","0.364",44.2
"Ross, Joe",605452,"MIL","SL","Slider",1,4,"447",37.3,"110","0.237","0.32","0.293",38.4,21.8,17.6,"0.246","0.375","0.316",33.3
"Bender, Anthony",669622,"MIA","SI","Sinker",-1.3,-6,"431",45.2,"110","0.323","0.417","0.385",11.8,16.4,15.8,"0.3","0.429","0.364",46.8
"Neris, Héctor",593576,"HOU","FS","Split-Finger",-0.3,-1,"407",40.4,"110","0.232","0.364","0.309",37,30.9,22.5,"0.205","0.325","0.276",21.5
"Falter, Bailey",663559,"PIT","SL","Slider",-0.4,-2,"461",21.6,"110","0.245","0.304","0.275",28.7,24.5,19.4,"0.233","0.346","0.275",41.6
"Falter, Bailey",663559,"PIT","SI","Sinker",-0.3,-1,"330",15.4,"110","0.28","0.47","0.355",15.8,9.1,11.6,"0.347","0.619","0.436",64.4
"Leiter Jr., Mark",643410,"NYY","FS","Split-Finger",2.3,9,"366",36.1,"110","0.099","0.149","0.164",56.5,60,30.7,"0.119","0.16","0.168",31.4
"Myers, Tobias",668964,"MIL","SL","Slider",1.1,5,"451",21,"110","0.198","0.255","0.241",24.8,26.4,18.1,"0.208","0.28","0.23",33.8
"Ginkel, Kevin",656464,"AZ","SL","Slider",0.9,4,"455",38.4,"110","0.229","0.362","0.267",42,40,25.4,"0.213","0.311","0.243",40.3
"Kremer, Dean",665152,"BAL","FS","Split-Finger",0.1,0,"401",18.5,"110","0.139","0.248","0.227",36,30.9,19,"0.174","0.297","0.245",20.9
"Criswell, Cooper",681867,"BOS","SI","Sinker",0.6,3,"521",29.7,"110","0.33","0.511","0.402",7.3,10.9,10.1,"0.298","0.437","0.349",45.3
"Flexen, Chris",623167,"CWS","CH","Changeup",-1.3,-6,"440",15.7,"110","0.257","0.436","0.34",37.9,28.2,18.7,"0.229","0.358","0.282",20.8
"Lorenzen, Michael",547179,"KC","CH","Changeup",2.2,8,"394",18.8,"110","0.122","0.173","0.193",37.3,24.5,17.3,"0.165","0.226","0.228",23.9
"Waldron, Matt",663362,"SD","SI","Sinker",0.4,1,"365",14.9,"109","0.303","0.394","0.358",10.3,9.2,12.7,"0.316","0.492","0.379",40.4
"Lively, Ben",594902,"CLE","ST","Sweeper",0,0,"407",16.9,"109","0.231","0.413","0.295",24.2,18.3,15,"0.242","0.366","0.276",30.6
"Montas, Frankie",593423,"MIL","FC","Cutter",-1.4,-7,"492",18.7,"109","0.326","0.609","0.447",22.3,11,20,"0.337","0.619","0.444",50
"Montas, Frankie",593423,"MIL","FS","Split-Finger",0.1,1,"483",18.3,"109","0.218","0.297","0.264",42.6,31.2,18.1,"0.21","0.269","0.247",29.9
"Cabrera, Génesis",650893,"TOR","FC","Cutter",2.3,10,"405",39.3,"109","0.202","0.263","0.257",34.1,26.6,18,"0.225","0.293","0.27",28.6
"Brebbia, John",605154,"ATL","FF","4-Seam Fastball",1.4,7,"476",47.9,"109","0.172","0.293","0.247",25.7,38.5,21.9,"0.212","0.375","0.291",49.1
"Domínguez, Seranthony",622554,"BAL","SL","Slider",0.9,4,"426",40,"109","0.184","0.417","0.269",38.9,39.4,23.9,"0.156","0.313","0.221",31.1
"Meyer, Max",676974,"MIA","SL","Slider",0.3,1,"394",40.7,"109","0.24","0.471","0.327",34.2,31.2,21.4,"0.185","0.326","0.242",42.9
"Roupp, Landen",694738,"SF","CU","Curveball",0.9,4,"400",44.1,"109","0.224","0.357","0.295",33.5,32.1,21,"0.195","0.313","0.267",25.4
"Criswell, Cooper",681867,"BOS","ST","Sweeper",-1.9,-9,"471",26.8,"109","0.287","0.479","0.379",20.7,21.1,13.1,"0.261","0.4","0.333",23
"Muller, Kyle",666205,"OAK","FF","4-Seam Fastball",0.8,3,"387",53.4,"109","0.279","0.394","0.329",21.4,20.2,20.2,"0.262","0.398","0.307",43.4
"Scott, Christian",681035,"NYM","FF","4-Seam Fastball",0.3,1,"416",52.9,"108","0.265","0.388","0.32",22,24.1,20.5,"0.243","0.403","0.308",50
"Vásquez, Randy",681190,"SD","FF","4-Seam Fastball",-0.1,0,"479",28.4,"108","0.293","0.446","0.369",21.9,17.6,11.9,"0.329","0.567","0.424",49.3
"Weaver, Luke",596133,"NYY","CH","Changeup",0.8,3,"381",27.7,"108","0.172","0.263","0.233",48,42.6,25,"0.162","0.25","0.217",29.1
"Junis, Jakob",596001,"CIN","SL","Slider",0.9,4,"427",45.3,"108","0.183","0.346","0.235",29.6,25,17.4,"0.23","0.388","0.274",34.6
"Eovaldi, Nathan",543135,"TEX","FC","Cutter",-0.7,-3,"399",15.2,"108","0.317","0.606","0.407",20.5,12,15.9,"0.288","0.505","0.356",38
"Bellozo, Valente",678368,"MIA","FF","4-Seam Fastball",0.9,4,"409",37.4,"108","0.247","0.454","0.349",13.3,12,12.6,"0.27","0.506","0.369",45.9
"Holmes, Grant",656550,"ATL","FF","4-Seam Fastball",1,4,"382",37.3,"108","0.238","0.366","0.289",20.3,18.5,22,"0.251","0.378","0.3",39.5
"Ragans, Cole",666142,"KC","SL","Slider",-1.4,-6,"400",12.8,"108","0.21","0.305","0.255",33.7,44.4,23.3,"0.195","0.289","0.223",33.3
"Faedo, Alex",656412,"DET","FF","4-Seam Fastball",0.4,1,"354",35.2,"108","0.218","0.437","0.342",24.7,23.1,19.5,"0.237","0.385","0.337",36.9
"Webb, Jacob",657097,"BAL","FF","4-Seam Fastball",0.2,1,"413",44.2,"107","0.2","0.365","0.343",26.7,26.2,21.7,"0.223","0.43","0.363",47.4
"Waldron, Matt",663362,"SD","ST","Sweeper",1.1,5,"486",19.8,"107","0.227","0.454","0.335",20.1,15,16.2,"0.214","0.386","0.296",32.9
"Little, Brendon",663893,"TOR","SI","Sinker",-0.2,-1,"397",57,"107","0.287","0.457","0.392",21.5,5.6,12,"0.276","0.419","0.348",41.6
"Soto, Gregory",642397,"BAL","SI","Sinker",1,5,"454",47.3,"107","0.286","0.385","0.34",15.7,11.2,14,"0.271","0.428","0.357",48.1
"Littell, Zack",641793,"TB","SI","Sinker",0.7,3,"365",14.7,"107","0.242","0.421","0.337",14.3,18.7,19.6,"0.283","0.534","0.386",54.7
"Suárez, Ranger",624133,"PHI","FF","4-Seam Fastball",1.1,5,"458",19.5,"107","0.216","0.32","0.284",18.1,24.3,20.2,"0.245","0.331","0.291",31
"Irvin, Cole",608344,"MIN","SI","Sinker",-0.6,-2,"339",19.2,"107","0.319","0.5","0.397",9.3,15,18,"0.262","0.418","0.338",35.4
"Elder, Bryce",693821,"ATL","SI","Sinker",-1.2,-4,"370",42.8,"107","0.344","0.458","0.386",8.5,14,22.1,"0.32","0.458","0.373",55.6
"Paxton, James",572020,"BOS","CU","Curveball",0.6,3,"517",30.3,"106","0.2","0.3","0.254",36.2,28.3,17.6,"0.228","0.348","0.268",45.1
"Castillo, Luis",622491,"SEA","CH","Changeup",-1.3,-5,"408",14.3,"106","0.287","0.545","0.376",26.5,16,12.1,"0.288","0.465","0.342",36.9
"Herz, DJ",687792,"WSH","CH","Changeup",-0.8,-3,"389",24.5,"106","0.224","0.388","0.299",26,21.7,15.6,"0.224","0.356","0.279",23.7
"Barlow, Scott",605130,"CLE","SL","Slider",0.3,2,"461",45.1,"106","0.174","0.256","0.286",41.3,30.2,23.2,"0.173","0.246","0.267",19.6
"Anderson, Justin",605121,"CWS","SL","Slider",0,0,"428",45.3,"106","0.217","0.37","0.318",41,32.1,21.8,"0.214","0.376","0.312",32.8
"Alexander, Scott",518397,"OAK","SI","Sinker",1.7,6,"365",64.5,"106","0.261","0.359","0.317",10.9,9.4,15.4,"0.274","0.421","0.343",45.3
"Lambert, Peter",663567,"COL","FF","4-Seam Fastball",-0.8,-3,"399",38.4,"106","0.318","0.534","0.408",11.8,13.2,14.9,"0.282","0.439","0.365",38.2
"McArthur, James",663704,"KC","SI","Sinker",-0.2,-1,"322",35.6,"106","0.327","0.459","0.372",13.7,13.2,22.2,"0.283","0.441","0.341",44
"Stripling, Ross",548389,"OAK","FF","4-Seam Fastball",-0.7,-3,"417",30.7,"105","0.25","0.424","0.332",17.2,20,14.8,"0.211","0.387","0.304",37.5
"Kittredge, Andrew",552640,"STL","SI","Sinker",0,0,"385",37.4,"105","0.301","0.419","0.353",12.5,8.6,12.3,"0.32","0.497","0.38",40.2
"Fernandez, Ryan",681676,"STL","FF","4-Seam Fastball",0,0,"487",40.9,"105","0.302","0.384","0.36",20.5,16.2,14.4,"0.285","0.437","0.378",44.4
"Manaea, Sean",640455,"NYM","CH","Changeup",-0.7,-2,"350",11.7,"105","0.25","0.438","0.33",25.5,14.3,11.9,"0.254","0.372","0.302",32.9
"Mantiply, Joe",573009,"AZ","SI","Sinker",2.8,10,"366",42.2,"105","0.22","0.32","0.266",17,15.2,23.5,"0.257","0.404","0.306",53.6
"Faucher, Calvin",676534,"MIA","FC","Cutter",1.2,4,"374",37.9,"105","0.258","0.355","0.301",26.9,17.1,17.1,"0.27","0.331","0.299",41
"Sewald, Paul",623149,"AZ","FF","4-Seam Fastball",-0.6,-2,"376",59.8,"105","0.253","0.484","0.341",24.3,27.6,23.6,"0.237","0.454","0.325",47.8
"Feltner, Ryan",663372,"COL","SI","Sinker",-0.1,0,"357",13.8,"105","0.274","0.369","0.377",17.8,13.3,19.7,"0.239","0.338","0.342",28.6
"Armstrong, Shawn",542888,"CHC","FF","4-Seam Fastball",1,4,"371",33.5,"104","0.191","0.33","0.268",32.9,37.5,24.5,"0.223","0.414","0.313",47.3
"Phillips, Evan",623465,"LAD","ST","Sweeper",-0.3,-1,"354",38.6,"104","0.198","0.337","0.244",30.6,37.5,26.9,"0.198","0.342","0.238",28.6
"Gilbert, Logan",669302,"SEA","FS","Split-Finger",0.7,3,"407",13.4,"104","0.101","0.162","0.148",50.6,59.6,24.5,"0.111","0.143","0.146",29.7
"Civale, Aaron",650644,"MIL","CU","Curveball",-0.8,-3,"422",15.6,"104","0.25","0.479","0.338",27.5,37.5,20.2,"0.227","0.357","0.285",42.1
"Martinez, Nick",607259,"CIN","SI","Sinker",0.4,1,"374",17.6,"104","0.24","0.375","0.306",9.5,11.5,16,"0.26","0.345","0.296",27.4
"Winn, Keaton",676775,"SF","FS","Split-Finger",-0.4,-1,"343",39.1,"104","0.215","0.355","0.294",28.2,24,20.3,"0.257","0.431","0.331",47.8
"Wicks, Jordan",696136,"CHC","FF","4-Seam Fastball",0.1,0,"384",45.1,"103","0.281","0.438","0.36",16.1,18.4,15.6,"0.261","0.432","0.348",42.3
"Hicks, Jordan",663855,"SF","FS","Split-Finger",-0.4,-2,"373",19.1,"103","0.181","0.287","0.253",40.8,36.9,19.8,"0.181","0.304","0.251",23.2
"Rodríguez, Randy",678495,"SF","FF","4-Seam Fastball",-1.2,-5,"414",47.1,"103","0.25","0.443","0.347",25,25.2,21.8,"0.22","0.373","0.312",42.9
"Pérez, Cionel",672335,"BAL","SI","Sinker",-0.6,-2,"332",38.4,"103","0.253","0.31","0.325",19.1,13.6,17.1,"0.263","0.359","0.328",45.3
"Winckowski, Josh",670174,"BOS","FC","Cutter",0.3,1,"436",35.2,"103","0.253","0.495","0.347",23.3,15.5,18,"0.303","0.498","0.376",51.3
"Soriano, José",667755,"LAA","CU","Curveball",-0.2,-1,"441",25.4,"103","0.226","0.376","0.3",40.2,43.7,28.7,"0.181","0.321","0.261",35.4
"Suárez, Albert",544150,"BAL","FC","Cutter",0.6,3,"435",19.5,"103","0.24","0.365","0.279",31,16.5,15.2,"0.244","0.373","0.285",30.9
"Gaddis, Hunter",683769,"CLE","FF","4-Seam Fastball",1.5,6,"412",38.3,"103","0.219","0.417","0.297",17.9,17.5,14.8,"0.228","0.413","0.302",43.6
"Alexander, Tyler",641302,"TB","FF","4-Seam Fastball",-0.5,-2,"369",22.1,"103","0.237","0.505","0.335",24.9,27.2,19.7,"0.238","0.449","0.324",44.8
"Soroka, Michael",647336,"CWS","FF","4-Seam Fastball",0.8,4,"466",32.3,"103","0.198","0.358","0.313",21.1,21.4,15.5,"0.197","0.346","0.318",30.2
"Holderman, Colin",670059,"PIT","ST","Sweeper",2.1,9,"415",47.8,"102","0.163","0.217","0.213",40.1,41.2,25,"0.159","0.239","0.217",28.8
"Lynn, Lance",458681,"STL","SI","Sinker",-1,-4,"340",16.7,"102","0.289","0.47","0.412",11,8.8,14.8,"0.307","0.48","0.398",35.5
"Quantrill, Cal",615698,"COL","FF","4-Seam Fastball",-0.7,-3,"393",14.9,"102","0.25","0.487","0.395",24.1,22.5,17.2,"0.262","0.433","0.384",40.4
"Freeland, Kyle",607536,"COL","CU","Curveball",0.6,2,"333",18.8,"102","0.194","0.276","0.232",42,46.1,26.3,"0.181","0.263","0.211",41.2
"Hodge, Porter",687863,"CHC","FF","4-Seam Fastball",0.5,2,"393",61.2,"102","0.174","0.291","0.277",20.8,22.5,24,"0.199","0.323","0.299",41.3
"Herrin, Tim",682120,"CLE","CU","Curveball",1.3,5,"357",35.3,"102","0.137","0.221","0.198",42,44.1,27.1,"0.149","0.223","0.204",22
"Taillon, Jameson",592791,"CHC","CU","Curveball",0.2,1,"364",14.7,"102","0.232","0.424","0.294",23,25.5,16.9,"0.234","0.385","0.279",43.8
"Feltner, Ryan",663372,"COL","CH","Changeup",-1,-4,"379",14.7,"102","0.299","0.485","0.356",39.4,27.5,26.2,"0.221","0.359","0.267",34.3
"Alcala, Jorge",660896,"MIN","SL","Slider",-0.1,0,"360",38.7,"102","0.204","0.323","0.277",32.6,30.4,22.3,"0.189","0.298","0.253",25.8
"De Los Santos, Enyel",660853,"CWS","SL","Slider",-0.2,-1,"484",42.9,"102","0.2","0.442","0.306",42.2,34.3,21.2,"0.225","0.424","0.306",38.3
"Wrobleski, Justin",680736,"LAD","FF","4-Seam Fastball",0.2,1,"356",60.1,"102","0.202","0.382","0.305",22.8,16.7,16.3,"0.219","0.384","0.312",30.6
"Burnes, Corbin",669203,"BAL","SL","Slider",0.8,3,"384",12.8,"101","0.196","0.268","0.222",46.3,39.6,22.6,"0.185","0.29","0.224",31.6
"Cannon, Jonathan",686563,"CWS","ST","Sweeper",-0.2,-1,"442",21.8,"101","0.255","0.489","0.344",28.2,24.8,16.4,"0.212","0.363","0.27",28.6
"Hoffman, Jeff",656546,"PHI","FF","4-Seam Fastball",1.3,5,"361",36.1,"101","0.2","0.378","0.287",33,35.6,30.8,"0.217","0.413","0.309",50.9
"Lodolo, Nick",666157,"CIN","FF","4-Seam Fastball",-1.1,-6,"517",27.7,"101","0.2","0.4","0.301",27.6,35.6,18,"0.205","0.413","0.309",48.1
"Leclerc, José",600917,"TEX","SL","Slider",0.3,1,"388",32.2,"101","0.221","0.379","0.274",45.7,45.5,29.7,"0.205","0.326","0.248",26.9
"Woods Richardson, Simeon",680573,"MIN","CH","Changeup",-3.1,-14,"442",19.3,"101","0.311","0.622","0.417",20.5,15.8,11,"0.255","0.443","0.328",39.7
"Wheeler, Zack",554430,"PHI","ST","Sweeper",0.9,3,"392",12.5,"101","0.152","0.273","0.233",33.5,33.7,26.6,"0.164","0.264","0.202",26.2
"Freeland, Kyle",607536,"COL","SL","Slider",-0.5,-2,"404",22.8,"101","0.316","0.589","0.397",16.2,11.9,12.2,"0.301","0.577","0.384",40
"Morejon, Adrian",670970,"SD","SI","Sinker",0.5,2,"385",36.2,"101","0.315","0.427","0.383",14.8,9.9,15.2,"0.248","0.354","0.311",28.7
"Soroka, Michael",647336,"CWS","SI","Sinker",-1.3,-4,"308",21.4,"100","0.286","0.512","0.399",8.6,10,14.1,"0.341","0.565","0.435",40
"Wesneski, Hayden",669713,"CHC","ST","Sweeper",-0.2,-1,"437",40.7,"100","0.174","0.348","0.258",43.3,46,25.8,"0.163","0.288","0.234",26.1
"Irvin, Cole",608344,"MIN","CU","Curveball",0.2,1,"446",25.2,"100","0.283","0.424","0.331",18.9,16,13.9,"0.264","0.413","0.311",25.6
"Brieske, Beau",689225,"DET","FF","4-Seam Fastball",0.4,2,"458",39.8,"100","0.231","0.282","0.312",20.9,29,18.6,"0.19","0.308","0.305",44.2
"Yamamoto, Yoshinobu",808967,"LAD","FS","Split-Finger",0.5,2,"355",24.2,"100","0.17","0.266","0.213",38.6,42,22.3,"0.19","0.256","0.224",37.7
"Peterson, David",656849,"NYM","SL","Slider",-1.3,-5,"345",18.4,"100","0.287","0.447","0.339",33.9,30,19.2,"0.25","0.422","0.311",50
"Walker, Taijuan",592836,"PHI","FS","Split-Finger",-3.5,-11,"314",21.9,"100","0.38","0.652","0.456",16.3,12,9.5,"0.297","0.564","0.388",53.7
"Marsh, Alec",679525,"KC","SI","Sinker",-0.9,-3,"299",13.8,"100","0.333","0.536","0.421",10.6,10,18.9,"0.318","0.555","0.42",50
"Suárez, Ranger",624133,"PHI","CH","Changeup",-0.8,-3,"384",16.3,"100","0.229","0.323","0.276",35,24,17.4,"0.249","0.338","0.272",26.4
"Meyer, Max",676974,"MIA","FF","4-Seam Fastball",-1.3,-5,"383",39.6,"100","0.33","0.648","0.44",13.8,10,11.6,"0.321","0.612","0.421",57.3
"Bird, Jake",656234,"COL","SI","Sinker",-0.9,-3,"303",44.3,"100","0.309","0.42","0.391",12.4,9,15.5,"0.309","0.479","0.407",45.2
"Leiter, Jack",683004,"TEX","FF","4-Seam Fastball",-4.7,-16,"344",51.4,"100","0.35","0.625","0.466",29.1,16,14.7,"0.302","0.58","0.423",54.4